-- phpMyAdmin SQL Dump
-- version 4.8.4
-- https://www.phpmyadmin.net/
--
-- Host: 127.0.0.1:3306
-- Erstellungszeit: 05. Mai 2021 um 13:04
-- Server-Version: 5.7.24
-- PHP-Version: 7.3.1

SET SQL_MODE = "NO_AUTO_VALUE_ON_ZERO";
SET AUTOCOMMIT = 0;
START TRANSACTION;
SET time_zone = "+00:00";


/*!40101 SET @OLD_CHARACTER_SET_CLIENT=@@CHARACTER_SET_CLIENT */;
/*!40101 SET @OLD_CHARACTER_SET_RESULTS=@@CHARACTER_SET_RESULTS */;
/*!40101 SET @OLD_COLLATION_CONNECTION=@@COLLATION_CONNECTION */;
/*!40101 SET NAMES utf8mb4 */;

--
-- Datenbank: `bdd-dirisi`
--

-- --------------------------------------------------------

--
-- Tabellenstruktur für Tabelle `bdd`
--

DROP TABLE IF EXISTS `bdd`;
CREATE TABLE IF NOT EXISTS `bdd` (
  `Numero_BDD` int(11) NOT NULL AUTO_INCREMENT,
  `Libelle` varchar(255) COLLATE utf8_bin NOT NULL,
  PRIMARY KEY (`Numero_BDD`)
) ENGINE=InnoDB AUTO_INCREMENT=13 DEFAULT CHARSET=utf8 COLLATE=utf8_bin;

--
-- Daten für Tabelle `bdd`
--

INSERT INTO `bdd` (`Numero_BDD`, `Libelle`) VALUES
(1, 'Lille'),
(2, 'Charleville-Mézières'),
(3, 'Metz'),
(4, 'Besançon'),
(5, 'Strasbourg'),
(6, 'Nancy'),
(7, 'Phalsbourg'),
(8, 'Luxeuil-lès-Bains'),
(9, 'Belfort'),
(10, 'Verdun'),
(11, 'Mourmelon'),
(12, 'Saint-Dizier');

-- --------------------------------------------------------

--
-- Stellvertreter-Struktur des Views `bnr`
-- (Siehe unten für die tatsächliche Ansicht)
--
DROP VIEW IF EXISTS `bnr`;
CREATE TABLE IF NOT EXISTS `bnr` (
`Id_bnr` int(11)
,`Numero_ASAP` varchar(30)
,`Numero_PDC` varchar(100)
,`Numero_rang` varchar(30)
,`Objectifs` varchar(1000)
,`Montant_FEB` varchar(50)
,`Description_service` varchar(500)
,`Date_retour_DTS` varchar(10)
,`Point_de_situation` varchar(300)
,`Id_organisme` int(11)
);

-- --------------------------------------------------------

--
-- Tabellenstruktur für Tabelle `bnrs`
--

DROP TABLE IF EXISTS `bnrs`;
CREATE TABLE IF NOT EXISTS `bnrs` (
  `Id_bnr` int(11) NOT NULL AUTO_INCREMENT,
  `Trigramme` varchar(5) COLLATE utf8_bin DEFAULT NULL,
  `Id_organisme` int(11) DEFAULT NULL,
  `Priorite_BDD` varchar(255) COLLATE utf8_bin DEFAULT NULL,
  `Description` varchar(1000) COLLATE utf8_bin DEFAULT NULL,
  `Grand_Compte` varchar(255) COLLATE utf8_bin DEFAULT NULL,
  `Date_de_demande` varchar(255) COLLATE utf8_bin DEFAULT NULL,
  `Montant_estime` varchar(50) COLLATE utf8_bin DEFAULT NULL,
  `Date_d_echeance` varchar(255) COLLATE utf8_bin DEFAULT NULL,
  `Impact` varchar(500) COLLATE utf8_bin DEFAULT NULL,
  `Besoin_INFRA` tinyint(1) DEFAULT NULL,
  `Date_realisation` varchar(50) COLLATE utf8_bin DEFAULT NULL,
  `Observations` varchar(1000) COLLATE utf8_bin DEFAULT NULL,
  `Chiffrage_B.PROJ` varchar(255) COLLATE utf8_bin DEFAULT NULL,
  `Etat` tinyint(1) NOT NULL,
  `Numero_ASAP` varchar(30) COLLATE utf8_bin DEFAULT NULL,
  `Numero_PDC` varchar(100) COLLATE utf8_bin DEFAULT NULL,
  `Numero_rang` varchar(30) COLLATE utf8_bin DEFAULT NULL,
  `Description_service` varchar(500) COLLATE utf8_bin DEFAULT NULL,
  `Montant_FEB` varchar(50) COLLATE utf8_bin DEFAULT NULL,
  `Date_retour_DTS` varchar(10) COLLATE utf8_bin DEFAULT NULL,
  `Point_de_situation` varchar(300) COLLATE utf8_bin DEFAULT NULL,
  PRIMARY KEY (`Id_bnr`),
  KEY `IDOrganisme_FK` (`Id_organisme`),
  KEY `Trigamme_FK` (`Trigramme`)
) ENGINE=InnoDB AUTO_INCREMENT=118 DEFAULT CHARSET=utf8 COLLATE=utf8_bin;

--
-- Daten für Tabelle `bnrs`
--

INSERT INTO `bnrs` (`Id_bnr`, `Trigramme`, `Id_organisme`, `Priorite_BDD`, `Description`, `Grand_Compte`, `Date_de_demande`, `Montant_estime`, `Date_d_echeance`, `Impact`, `Besoin_INFRA`, `Date_realisation`, `Observations`, `Chiffrage_B.PROJ`, `Etat`, `Numero_ASAP`, `Numero_PDC`, `Numero_rang`, `Description_service`, `Montant_FEB`, `Date_retour_DTS`, `Point_de_situation`) VALUES
(1, 'BNR', 83, 'P1', 'VIGIFELIN/Connections des postes VIGIFELIN sur le réseau VIGIFELIN', 'EMAT', '16/04/2020', NULL, '2021', 'Non traçabilité des matériels VIGIFELIN (APC, NBC, TRANS, OPTIQUE)', 0, NULL, 'FEB:20200416_FEB_Besoins nouveaux réseaux NP DR etclassifiés 2021', NULL, 1, NULL, NULL, NULL, NULL, NULL, NULL, NULL),
(2, 'CEM', 46, 'P1', 'Rématisation bâtiment 54', 'EMAT', '14/04/2020', '> 50 000 euros', '1er semestre 2021', 'Aménagement DETSIC + organismes de la BdD non finalisé', 0, NULL, 'Installation d\'un DESTSIC sur CVM + déménagement de certains organismes', NULL, 1, NULL, NULL, NULL, NULL, NULL, NULL, NULL),
(3, 'CEM', 46, 'P2', 'Rématisaton du 3ème RG / FELIN', 'EMAT', '14/04/2020', '> 68 000 euros', '1er semestre 2021', 'Utiliation RFID FELIN en mode dégradé', 0, NULL, 'Utiliation du RFID FELIN pour les différentes compagnies suite à l\'augmentation des équipements SIC', NULL, 1, NULL, NULL, NULL, NULL, NULL, NULL, NULL),
(4, 'CFO', 46, 'P2', 'Rématisaton du 3ème RG / FELIN', 'EMAT', '14/04/2020', '> 68 000 euros', '1er semestre 2021', 'Utiliation RFID FELIN en mode dégradé', 0, NULL, 'Utiliation du RFID FELIN pour les différentes compagnies suite à l\'augmentation des équipements SIC', NULL, 1, NULL, NULL, NULL, NULL, NULL, NULL, NULL),
(5, 'CFO', 46, 'P3', 'Besoin en nouveau réseaux site ACIER', 'EMAT', '14/04/2020', '> 20 000 euros', '1er semestre 2021', 'Accès à l\'Intradef impossible', 0, NULL, 'Accès aux ressources SIC depuis la salle de cours du complexe ACIER', NULL, 1, NULL, NULL, NULL, NULL, NULL, NULL, NULL),
(6, 'SFA', 49, '5', 'Rématisation-FAYOLLE-101', 'EMAT', '29/03/2019', NULL, '2021', 'Eviter que le personnel n\'utilise des moyens personnelle pour traiter des données pouvant etre à  caractère sensible (non respect des règles SSI).', 1, '2021', 'Permettre au personnel concerné de pouvoir disposer d\'un poste de travail intradef, afin de pouvoir traiter des données métier en toute sécurité.', NULL, 1, NULL, NULL, NULL, NULL, NULL, NULL, NULL),
(7, 'SMA', 49, '6', 'Rématisation-MAUNOURY-04', 'EMAT', '29/03/2019', NULL, '2021', 'Eviter que le personnel n\'utilise des moyens personnels pour traiter des données pouvant tre à  caractère sensible (non respect des règles SSI).', 1, '2021', 'Permettre au personnel concerné de pouvoir disposer d\'un poste de travail intradef, afin de pouvoir traiter des données métier en toute sécurité.', NULL, 1, NULL, NULL, NULL, NULL, NULL, NULL, NULL),
(8, 'SMA', 49, '2', 'Rématisation-MAUNOURY-05', 'EMAT', '29/03/2019', NULL, '2021', 'Eviter que le personnel n\'utilise des moyens personnels pour traiter des données pouvant tre à  caractère sensible (non respect des règles SSI).', 1, '2021', 'Permettre au personnel concerné de pouvoir disposer d\'un poste de travail intradef, afin de pouvoir traiter des données métier en toute sécurité.', NULL, 1, NULL, NULL, NULL, NULL, NULL, NULL, NULL),
(9, 'SMA', 49, '3', 'Rématisation-MAUNOURY-06', 'EMAT', '29/03/2019', NULL, '2021', 'Eviter que le personnel n\'utilise des moyens personnels pour traiter des données pouvant tre à  caractère sensible (non respect des règles SSI).', 1, '2021', 'Permettre au personnel concerné de pouvoir disposer d\'un poste de travail intradef, afin de pouvoir traiter des données métier en toute sécurité.', NULL, 1, NULL, NULL, NULL, NULL, NULL, NULL, NULL),
(10, 'SMA', 49, '8', 'Rématisation-MAUNOURY-07', 'EMAT', '29/03/2019', NULL, '2021', 'Eviter que le personnel n\'utilise des moyens personnels pour traiter des données pouvant tre à  caractère sensible (non respect des règles SSI).', 1, '2021', 'Permettre au personnel concerné de pouvoir disposer d\'un poste de travail intradef, afin de pouvoir traiter des données métier en toute sécurité.', NULL, 1, NULL, NULL, NULL, NULL, NULL, NULL, NULL),
(11, 'SMA', 49, '1', 'Rématisation-MAUNOURY-10', 'EMAT', '29/03/2019', NULL, '2021', 'Eviter que le personnel n\'utilise des moyens personnels pour traiter des données pouvant tre à  caractère sensible (non respect des règles SSI).', 1, '2021', 'Permettre au personnel concerné de pouvoir disposer d\'un poste de travail intradef, afin de pouvoir traiter des données métier en toute sécurité.', NULL, 1, NULL, NULL, NULL, NULL, NULL, NULL, NULL),
(12, 'SMA', 49, '7', 'Rématisation-MAUNOURY-16', 'EMAT', '29/03/2019', NULL, '2021', 'Eviter que le personnel n\'utilise des moyens personnels pour traiter des données pouvant tre à  caractère sensible (non respect des règles SSI).', 1, '2021', 'Permettre au personnel concerné de pouvoir disposer d\'un poste de travail intradef, afin de pouvoir traiter des données métier en toute sécurité.', NULL, 1, NULL, NULL, NULL, NULL, NULL, NULL, NULL),
(13, 'MMD', 58, '4', 'Augmentation prises réseau du Bat. N° 067', 'EMAT', '01/11/2019', NULL, '2021', 'Sans raccordement aux réseaux du ministère des armées, les nouvelles stations de travail ne permettront pas l’accès aux bases de données en ligne, l’échange et le partage d’information et la mise à jour des systèmes d’exploitation, des stratégies de sécurité et des logiciels.', 1, '2021', 'Augmenter l’accès aux outils informatique à usage professionnel.\nAmener aux 3 unités élémentaires du 501RCC installées dans le bâtiment 067 le nombre suffisant de stations de travail.', NULL, 1, NULL, NULL, NULL, NULL, NULL, NULL, NULL),
(14, 'MCU', 207, '1', 'Installation de 5 stations FrOPs au sein du Centre opérationnel de l\'EMZD /DIVOPS', 'EMA/EMPLOI', '09/06/2020', NULL, '01/07/2021', 'L\'EMZD possède une seule zone réservée pouvant accueillir une à deux stations FROPS. Sans ces 5 stations FROPS installées au sein du CO, l\'EMZD ne sera pas totalement équipé pour travailler de façon optimale avec le CPCO qui lui impose ce SI.', 1, NULL, NULL, NULL, 1, NULL, NULL, NULL, NULL, NULL, NULL, NULL),
(15, 'MZW', 83, '2', 'création du réseau VIGIFELIN', 'EMAT', '28/05/2020', NULL, 'année 2021', 'Ne pas avoir une traçabilité des matériels VIGIFELIN (APC, NBC,TRANS,OPTIQUE) et le soutien des matériels du programme FELIN s\'en trouvera fortement dégradé', 1, NULL, NULL, NULL, 1, NULL, NULL, NULL, NULL, NULL, NULL, NULL),
(16, 'HEG', 50, '3', 'Création d\'un réseau SIMDEX', 'EMAT', '29/05/2020', NULL, 'année 2021', 'Ne pas être capable de réaliser des activités opérationnelles, d\'entrainement et d\'expérimentation. Perdre le bénéfice du raccordement SIMDEX initialement prévu début 2020 (coût de raccordement + abonnement annuel rendus inutiles)', 1, NULL, NULL, NULL, 1, NULL, NULL, NULL, NULL, NULL, NULL, NULL),
(17, 'NYO', 102, 'P1', 'Dans le cadre du transfert de la section météo du bâtiment PCSO vers la tour de contrôle, demande d’étude et de mise en place de la structure réseau nécessaire au transfert de la baie Météo-France dans le local technique prévu à cet effet au quatrième étage de la tour de contrôle.', 'EMAA', '19/06/2020', NULL, '2021', 'Sur les délais de livraison, sur l’interruption de service, sur le soutien ultérieur', NULL, NULL, 'Permettre la réalisation des travaux de rénovation en coordonnant l’action de l’USID (INFRA), du CIRISI (SIC), de la société INEO (RDIP) et des services de Météo-France.', NULL, 1, NULL, NULL, NULL, NULL, NULL, NULL, NULL),
(18, 'NYO', 102, NULL, 'cadre des travaux de rénovation et réorganisation de l’escadron 1/3 « Navarre », plusieurs murs sont abattus. L’architecture réseau est rénovée. Il est donc nécessaire de démanteler les boitiers installés afin de permettre l’avancement des travaux. ', 'EMAA', '01/05/2020', NULL, '2020', 'Arrêt des travaux de rénovation en cas de non réalisation. ', NULL, NULL, 'Arrêt des travaux de rénovation en cas de non réalisation. ', NULL, 1, NULL, NULL, NULL, NULL, NULL, NULL, NULL),
(19, 'NYO', 102, NULL, 'Dans le cadre de la rénovation du bâtiment EDSA (sagri 306), demande de mise en place :\n-De 69 switchs NP/DR\n-De 4 switchs CD', 'EMAA', '19/06/2020', NULL, 'Fin des travaux des deux tranches de  rénovations : fin 2020 et 2ème trimestre 2021', 'Sur les délais de livraison, sur l’interruption de service, sur le soutien ultérieur', NULL, NULL, 'Permettre la réalisation des travaux de rénovation en coordonnant l’action de l’USID (INFRA), du CIRISI (SIC) et de la société INEO (RDIP).', NULL, 1, NULL, NULL, NULL, NULL, NULL, NULL, NULL),
(20, 'NYO', 102, NULL, 'Dans le cadre de la rénovation du bâtiment EDSA, demande de démantèlement pour travaux :\n\n-De 20 switchs RDIP NP/DR\n-De 3 switchs CD ', 'EMAA', '19/06/2020', NULL, '2 Tranches de travaux prévues :\n                -Rénovation bureaux/sanitaires au 3ème trimestre 2020\n                -Création des salles simulateur, pilotes et briefing au 2ème trimestre 2021', 'Sur les délais de livraison, sur l’interruption de service, sur le soutien ultérieur', NULL, NULL, 'Permettre la réalisation des travaux de rénovation en coordonnant l’action de l’USID (INFRA), du CIRISI (SIC) et de la société INEO (RDIP).', NULL, 1, NULL, NULL, NULL, NULL, NULL, NULL, NULL),
(21, 'NYO', 102, NULL, 'Dans le cadre de la rénovation du bâtiment T1, demande de démantèlement :\n\n-Des switch RDIP NP/DR :\n         -2 situés au sous-sol « CFAA ».\n         -11 situés au premier étage.\n         -31 situés au deuxième étage.\n-Des switch CD situés au deuxième étage du CFAA (3 switch et 2 convertisseurs)\n', 'EMAA', '19/06/2020', NULL, 'Fin 2021', 'Sur les délais de livraison, sur l’interruption de service, sur le soutien ultérieur', NULL, NULL, 'Permettre la réalisation des travaux de rénovation en coordonnant l’action de l’USID (INFRA), du CIRISI (SIC) et de la société INEO (RDIP).', NULL, 1, NULL, NULL, NULL, NULL, NULL, NULL, NULL),
(22, 'NYO', 102, NULL, 'Installation du réseau Intradef (RDIP) dans le bâtiment G5 (Service métrologie et atelier sièges/ESTA). La mise à disposition du réseau Intradef est nécessaire pour pouvoir accéder à la documentation technique de maintenance. Mise en place du réseau dans les bureaux et les ateliers (4 switchs).\n\nDemande déjà faite dans le SD 2020\n', 'EMAA', '19/06/2020', NULL, 'Installation du réseau RDIP en remplacement de l’ancien réseau avant que celui-ci ne soit supprimé.', 'Sur les délais de livraison, sur l’interruption de service, sur le soutien ultérieur', NULL, NULL, 'Le risque : en cas d’absence de réseau intradef, le personnel aura plus de difficultés pour disposer d’une documentation à jour et n’aura plus accès aux systèmes d’information technique et logistique. Données nécessaires pour effectuer et rendre compte des opérations réalisées.', NULL, 1, NULL, NULL, NULL, NULL, NULL, NULL, NULL),
(23, 'NYO', 102, NULL, 'Installation du réseau Intradef (RDIP) dans le bâtiment d’essai réacteur. La mise à disposition du réseau Intradef est nécessaire pour pouvoir accéder à la documentation technique de maintenance (exigence FRA 145 dans le cadre de la navigabilité). Mise en place du réseau dans les bureaux et ateliers.\n\nDemande déjà faite dans le SD 2018 : PDC-2018-1681/01\nDemande déjà faite dans le SD 2019 : PDC-2019-0265/03\nDemande déjà faite dans le SD 2020 \n', 'EMAA', '19/06/2020', NULL, NULL, 'Sur les délais de livraison, sur l’interruption de service, sur le soutien ultérieur', NULL, NULL, 'Le risque : en cas d’absence de réseau intradef, le personnel aura plus de difficultés pour disposer d’une documentation à jour et n’aura plus accès aux systèmes d’information technique et logistique. Données nécessaires pour effectuer et rendre compte des opérations réalisées.', NULL, 1, NULL, NULL, NULL, NULL, NULL, NULL, NULL),
(24, 'NYO', 102, NULL, 'Dans le cadre de la démolition du bâtiment RCF « ancien mess rang », demande de démantèlement :\n\n-Des switchs RDIP NP/DR :\n         -11 situés au rez de chaussée.\n         -10 situés au premier étage.\n\n-De l’ensemble de la composante RDIP (Fédérateur, câblage, etc..)\n', 'EMAA', '19/06/2020', NULL, '2021', 'Sur les délais de livraison, sur l’interruption de service, sur le soutien ultérieur', NULL, NULL, NULL, NULL, 1, NULL, NULL, NULL, NULL, NULL, NULL, NULL),
(25, 'NYO', 102, NULL, 'Dans le cadre du transfert de la section météo du bâtiment PCSO vers la tour de contrôle, les étages 3 et 4 qui accueillent à l’heure actuelle des chambres vont être transformés en bureaux (Voir Plan en pièce jointe).\n\nLa tour de contrôle étant câblée selon les normes RP2 :\n\nDemande d’installation de prises RP2 permettant :\n\n-Au troisième étage, la création de 4 à 5 postes de travail usagers et la connexion de deux imprimantes.\n-Au quatrième étage, la création de 2 à 3 postes de travail usagers et la connexion de deux imprimantes.\n\nDemande la mise en place de deux switchs RDIP NP/DR \n\nDans le local technique RDIP pour assumer cette augmentation de personnel au sein de la tour de contrôle.\n', 'EMAA', '19/06/2020', NULL, '2021', 'Sur les délais de livraison, sur l’interruption de service, sur le soutien ultérieur', NULL, NULL, 'Permettre la réalisation des travaux de rénovation en coordonnant l’action de l’USID (INFRA), du CIRISI (SIC) et de la société INEO (RDIP).', NULL, 1, NULL, NULL, NULL, NULL, NULL, NULL, NULL),
(26, 'NYO', 102, NULL, 'Dans le cadre du projet de rénovation du PC PRO et en fonction du déroulement des différentes phases de programmation des travaux d’infrastructure, afin de garantir la continuité de la mission, il sera nécessaire de transférer d’un niveau de bâtiment à un autre niveau de bâtiments 2 µswitchs Intradef (RDIP) et 1 convertisseur Intraced (RDIP), si nécessaire retirer des câbles. A l’issue des travaux, ces réseaux devront être réimplantés dans les bureaux concernés. Un PC attentat sera créé à l’occasion et sera équipé des réseaux NP, DR et CD.\n\nDemande déjà effectuée lors du SD-SIC 2019\nDemande déjà effectuée lors du SD-SIC 2020\n', 'EMAA', '19/06/2020', NULL, 'A réaliser avant le début des travaux de rénovation au PC PRO et à l’issue des travaux de rénovations des travaux.', 'Sur les délais de livraison, sur l’interruption de service, sur le soutien ultérieur', NULL, NULL, 'Dans le cadre de la réalisation de ces travaux, le transfert de ces réseaux sera indispensable pour garantir la continuité de mission de l’EP.', NULL, 1, NULL, NULL, NULL, NULL, NULL, NULL, NULL),
(27, 'NYO', 102, NULL, 'Demande de mise en place d’un switch RDIP CD au PC base (Pièce 12) dans le nouveau bureau du Chef du Pôle Sécurité Protection.\n\nDemande déjà effectuée lors du SD-SIC 202\n', 'EMAA', '19/06/2020', NULL, NULL, 'Sur les délais de livraison, sur l’interruption de service, sur le soutien ultérieur', NULL, NULL, 'Permettre au Chef du PSP (Pôle Sécurité Protection) d’avoir un accès INTRACED nécessaire dans le cadre de ses fonctions.', NULL, 1, NULL, NULL, NULL, NULL, NULL, NULL, NULL),
(28, 'NYO', 102, NULL, 'Dans le cadre de la rénovation du bâtiment T1, demande de mise en place :\n\n-De 30 switchs RDIP NP/DR au premier étage (Voir plan joint).\n-De 20 Switchs RDIP NP/DR au deuxième étage (Voir plan joint).', 'EMAA', '19/06/2020', NULL, 'Fin 2021', 'Sur les délais de livraison, sur l’interruption de service, sur le soutien ultérieur', NULL, NULL, 'Permettre la réalisation des travaux de rénovation en coordonnant l’action de l’USID (INFRA), du CIRISI (SIC) et de la société INEO (RDIP).', NULL, 1, NULL, NULL, NULL, NULL, NULL, NULL, NULL),
(29, 'PBG', 18, 'P2', 'Rématisation bâtiment 066 (relance)', 'EMAT', '2019/02', '81419,06', 'Dés que possible', NULL, 1, 'NC', 'Observation CIRISI : Travaux infra 20384 € (Alimentation LTM, alimentation PA et travaux VRD).', NULL, 1, NULL, NULL, NULL, NULL, NULL, NULL, NULL),
(30, 'PBG', 18, 'P1', 'Rématisation et raccordement bâtiment 505 (relance)', 'EMAT', '2018/03', '46953,87', 'Dés que possible', 'Impossibilité de transférer la cellule fret, ni le PPRAD et l\'ECM', 1, 'NC', 'Observation CIRISI : Travaux infra 17003€ (Alimentation LTM, PA, pénétration bâtiment, percement et travaux VRD).\nObservation BdD : Projet retenu en priorité 1 mais pas de date de réalisation pour le moment cf note N°500311/DL METZ/DCP /BRC du 05/03/20  ', NULL, 1, NULL, NULL, NULL, NULL, NULL, NULL, NULL),
(31, 'PBG', 18, 'P1', 'Rématisation et raccordement bâtiment 055 (relance)', 'EMAT', '2018/04', '34395,61', 'Dés que possible', 'Perte de license de navigabilité', 1, 'NC', 'Observation CIRISI : Travaux infra : 11347€ (Alimentation KCM, PA, pénétration bâtiment et percement).\nObservation BdD : Projet retenu en priorité 1 mais pas de date de réalisation pour le moment cf note N°500311/DL METZ/DCP /BRC du 05/03/20  ', NULL, 1, NULL, NULL, NULL, NULL, NULL, NULL, NULL),
(32, 'PBG', 18, 'P2', 'Raccordement fibre bâtiment 484', 'EMAT', '2020/05', 'NC', '2021', NULL, NULL, 'NC', NULL, NULL, 1, NULL, NULL, NULL, NULL, NULL, NULL, NULL),
(33, 'PBG', 18, 'P3', 'Raccordement fibre bâtiment 119', 'EMAT', '2020/05', 'NC', '2021', NULL, NULL, 'NC', NULL, NULL, 1, NULL, NULL, NULL, NULL, NULL, NULL, NULL),
(34, 'SOB', 20, 'P3', 'FEB01-Raccordement des magasins des compagnies', 'EMAT', '22/04/2020', 'NC', '01/06/2021', 'Modéré', 0, 'NC', 'Raccordement.', NULL, 1, NULL, NULL, NULL, NULL, NULL, NULL, NULL),
(35, 'SOB', 20, 'P2', 'FEB02-Raccordement de la salle d\'honneur régimentaire', 'EMAT', '22/04/2020', 'NC', '01/06/2021', 'Modéré', 0, 'NC', 'Raccordement.', NULL, 1, NULL, NULL, NULL, NULL, NULL, NULL, NULL),
(36, 'SOB', 20, 'P3', 'FEB03-Raccordement du cinéma régimentaire', 'EMAT', '22/04/2020', 'NC', '01/12/2021', 'Modéré', 0, 'NC', 'Raccordement.', NULL, 1, NULL, NULL, NULL, NULL, NULL, NULL, NULL),
(37, 'SOB', 20, 'P2', 'FEB04-Raccordement alarme magasin HCCA', 'EMAT', '22/04/2020', 'NC', '01/12/2021', 'Modéré', 0, 'NC', 'Raccordement.', NULL, 1, NULL, NULL, NULL, NULL, NULL, NULL, NULL),
(38, 'SOB', 20, 'P1', 'FEB05-Reprise réseau BDS et AIT', 'EMAT', '22/04/2020', 'NC', '01/06/2021', 'fort', 0, 'NC', 'Raccordement.', NULL, 1, NULL, NULL, NULL, NULL, NULL, NULL, NULL),
(39, 'SOB', 20, 'P2', 'FEB06-Raccordement Intradef RPEVAT/007', 'EMAT', '22/04/2020', 'NC', '01/12/2021', 'modéré', 0, 'NC', 'Raccordement.', NULL, 1, NULL, NULL, NULL, NULL, NULL, NULL, NULL),
(40, 'SOB', 20, 'P1', 'FEB2016-2019 -RaccordementSICF', 'EMAT', '22/04/2020', 'NC', '01/12/2021', 'fort', 0, 'NC', NULL, NULL, 1, NULL, NULL, NULL, NULL, NULL, NULL, NULL),
(41, 'DZE', 140, 'P1', 'AUGMENTATION DU DEBIT INTRADEF', 'EMAT', '01/04/2020', 'NC', 'Dés que possible', 'Instruction FTS pénalisée ainsi que toute la garnison de Dieuze.', 0, 'NC', 'La FTS du CFIM de Dieuze a besoin de plus de réseau pour faire fonctionner correctement le serveur SIAPI (INSTRUCTION).  L\'augmentation de débit permettra au CFIM de Dieuze de travailler dans des conditions normales sur INTRADEF.le déploiement de la fible sur la garnison est déjà réalisé (MOD IP), il ne manque plus que le débit qui va avec.', NULL, 1, NULL, NULL, NULL, NULL, NULL, NULL, NULL),
(42, 'DZE', 140, 'P3', 'AUGMENTATION DU QUOTAS DES DISQUES DURS DU RESEAU PARTAGE ', 'EMAT', '01/04/2020', 'NC', 'Dés que possible', 'Le CFIM ne peut pas donner accès à tous les documents essentiels à l\'instruction par manque de place sur son réseau', 0, 'NC', 'Le CFIM a besoin de donner accès à son réseau partagé afin de fournir aux personnels tournants qui viennen faire l\'instruction aux jeunes recrues,  toute la bibliotheque de documents officiels (TTA, PIA,  référenciel de cours, supports pédagogiques, cartographie, bapteme terrain, etc...', NULL, 1, NULL, NULL, NULL, NULL, NULL, NULL, NULL),
(43, 'DZE', 140, 'P1', 'AUGMENTATION DU DEBIT INTERNET', 'EMAT', '01/04/2020', 'NC', 'Dés que possible', 'Facilité pour le centre ainsi que les jeunes recrues.', 0, 'NC', 'Le CFIM de Dieuze a besoin de l\'augmentation du débit Internet pour permettre aux differentes cellules du CFIM de travailler : la cellulle communication qui envoie sa production et ses photos au COMSIC via internet; pour la récupération de la cartographie qui sert à la sécurité des marches.', NULL, 1, NULL, NULL, NULL, NULL, NULL, NULL, NULL),
(44, 'DZE', 140, 'P2', 'CREATION DE POINT D\'ACCES - BAT 06', 'EMAT', '01/04/2020', 'NC', 'Dés que possible', 'Salles de cours non reliées au réseau partagé qui sert de base de travail', 1, 'NC', 'Le batiment 06 a été réaménagé pour accueillir la mission récente du CFIM, qu\'est la formation des FTS Combattants des SIC. Le batiment a besoin d\'être rématisser pour optimiser au mieux l\'instruction spécialisée.', NULL, 1, NULL, NULL, NULL, NULL, NULL, NULL, NULL),
(45, 'DZE', 140, 'P2', 'CREATION DE POINT D\'ACCES - BAT 18', 'EMAT', '01/04/2020', 'NC', 'Dés que possible', 'Salles de cours non reliées au réseau partagé qui sert de base de travail', 1, 'NC', 'Le CFIM a besoin de salle de cours équipée en Intradef et PNIA', NULL, 1, NULL, NULL, NULL, NULL, NULL, NULL, NULL),
(46, 'DZE', 140, 'P2', 'CREATION DE POINT D\'ACCES - BAT 09', 'EMAT', '01/04/2020', 'NC', 'Dés que possible', 'Salles de cours non reliées au réseau partagé qui sert de base de travail', 1, 'NC', 'Le CFIM a besoin de salle de cours équipée en Intradef et PNIA', NULL, 1, NULL, NULL, NULL, NULL, NULL, NULL, NULL),
(47, 'DZE', 140, 'P2', 'CREATION DE POINT D\'ACCES - BAT 02', 'EMAT', '01/04/2020', 'NC', 'Dés que possible', '1 PC pour 2 pour les fonctions d\'ADU et d\'officier adjoint 2.', 1, 'NC', 'Manque de bloc prise dans la pièce 04', NULL, 1, NULL, NULL, NULL, NULL, NULL, NULL, NULL),
(48, 'DZE', 320, 'P1', 'AUGMENTATION DU DEBIT INTRADEF', 'EMAT', '01/04/2020', 'NC', 'Dés que possible', 'Instruction FTS pénalisée ainsi que toute la garnison de Dieuze.', 0, 'NC', 'La FTS du CFIM de Dieuze a besoin de plus de réseau pour faire fonctionner correctement le serveur SIAPI (INSTRUCTION).  L\'augmentation de débit permettra au CFIM de Dieuze de travailler dans des conditions normales sur INTRADEF.le déploiement de la fible sur la garnison est déjà réalisé (MOD IP), il ne manque plus que le débit qui va avec.', NULL, 1, NULL, NULL, NULL, NULL, NULL, NULL, NULL),
(49, 'DZE', 320, 'P3', 'AUGMENTATION DU QUOTAS DES DISQUES DURS DU RESEAU PARTAGE ', 'EMAT', '01/04/2020', 'NC', 'Dés que possible', 'Le CFIM ne peut pas donner accès à tous les documents essentiels à l\'instruction par manque de place sur son réseau', 0, 'NC', 'Le CFIM a besoin de donner accès à son réseau partagé afin de fournir aux personnels tournants qui viennen faire l\'instruction aux jeunes recrues,  toute la bibliotheque de documents officiels (TTA, PIA,  référenciel de cours, supports pédagogiques, cartographie, bapteme terrain, etc...', NULL, 1, NULL, NULL, NULL, NULL, NULL, NULL, NULL),
(50, 'DZE', 320, 'P1', 'AUGMENTATION DU DEBIT INTERNET', 'EMAT', '01/04/2020', 'NC', 'Dés que possible', 'Facilité pour le centre ainsi que les jeunes recrues.', 0, 'NC', 'Le CFIM de Dieuze a besoin de l\'augmentation du débit Internet pour permettre aux differentes cellules du CFIM de travailler : la cellulle communication qui envoie sa production et ses photos au COMSIC via internet; pour la récupération de la cartographie qui sert à la sécurité des marches.', NULL, 1, NULL, NULL, NULL, NULL, NULL, NULL, NULL),
(51, 'DZE', 320, 'P2', 'CREATION DE POINT D\'ACCES - BAT 06', 'EMAT', '01/04/2020', 'NC', 'Dés que possible', 'Salles de cours non reliées au réseau partagé qui sert de base de travail', 1, 'NC', 'Le batiment 06 a été réaménagé pour accueillir la mission récente du CFIM, qu\'est la formation des FTS Combattants des SIC. Le batiment a besoin d\'être rématisser pour optimiser au mieux l\'instruction spécialisée.', NULL, 1, NULL, NULL, NULL, NULL, NULL, NULL, NULL),
(52, 'DZE', 320, 'P2', 'CREATION DE POINT D\'ACCES - BAT 18', 'EMAT', '01/04/2020', 'NC', 'Dés que possible', 'Salles de cours non reliées au réseau partagé qui sert de base de travail', 1, 'NC', 'Le CFIM a besoin de salle de cours équipée en Intradef et PNIA', NULL, 1, NULL, NULL, NULL, NULL, NULL, NULL, NULL),
(53, 'DZE', 320, 'P2', 'CREATION DE POINT D\'ACCES - BAT 09', 'EMAT', '01/04/2020', 'NC', 'Dés que possible', 'Salles de cours non reliées au réseau partagé qui sert de base de travail', 1, 'NC', 'Le CFIM a besoin de salle de cours équipée en Intradef et PNIA', NULL, 1, NULL, NULL, NULL, NULL, NULL, NULL, NULL),
(54, 'DZE', 320, 'P2', 'CREATION DE POINT D\'ACCES - BAT 02', 'EMAT', '01/04/2020', 'NC', 'Dés que possible', '1 PC pour 2 pour les fonctions d\'ADU et d\'officier adjoint 2.', 1, 'NC', 'Manque de bloc prise dans la pièce 04', NULL, 1, NULL, NULL, NULL, NULL, NULL, NULL, NULL),
(55, 'SOK', 167, 'P1', 'Station d\'accueil atelier NTI2 (réception-contrôle-livraison)', 'EMAT', '22/04/2020', 'NC', '1er semestre 2021', 'Perturbation de l\'activité atelier lié au manque de station', 0, 'NC', 'La montée en puissance de l\'activité de l\'atelier NTI2-P ainsi que l\'obligation de répondre au schéma décrit par la SIMMT, nécessite l\'ouverture d\'un poste de RCL (réception-contrôle-livraison).', NULL, 1, NULL, NULL, NULL, NULL, NULL, NULL, NULL),
(56, 'SGH', 167, 'P1', 'Raccordement téléphonique du poste de garde du site de Hesse', 'EMAT', '22/04/2020', 'NC', '1er semestre 2021', 'Problème de communication entre le commandement de l\'organisme et le poste de garde.\nManque de réactivité en cas d\'incident/accident', 1, 'NC', 'La mise en place de gardiens sur le site de Hesse nécéssite de mettre à disposition des moyens de communication. Notamment pour que les gardiens puissent s\'inscrire dans la chaine d\'alerte (site SEVESO seuil bas) qui est une obligation réglementaire (POI/PII).', NULL, 1, NULL, NULL, NULL, NULL, NULL, NULL, NULL),
(57, 'SOK', 167, 'P2', 'Réhabilitation des lignes réseaux du quartier Cholesky', 'EMAT', '22/04/2020', 'NC', '2éme semestre 2021', 'Délais de traitement des tâches accrus voir impossibilité de traiter', 1, 'NC', 'Surcharge des lignes, débit insuffisant pour les SI actuels (SIM@T, SCALP, CHORUS, etc.) qui allonge les délais de traitement.\nPlusieurs lignes réseaux ont été détruites suite à un éclair qui a frappé le quartier en 2018.\nLe site est équipé de réseaux filaires cuivre, inadapté au débit exigé par les nouveaux SI.', NULL, 1, NULL, NULL, NULL, NULL, NULL, NULL, NULL),
(58, 'SGH', 167, 'P2', 'Amélioration du débit réseau du site de Hesse', 'EMAT', '22/04/2020', 'NC', '2éme semestre 2021', 'Délais de traitement des tâches accrus voir impossibilité de traiter', 1, 'NC', 'Surcharge des lignes, débit insuffisant pour les SI actuels (SIM@T, SCALP, CHORUS, etc.) qui allonge les délais de traitement.\nLe débit actuel mesuré est de 1 Mo/s (source SDK/Orange) et ne suffit pas pour le support des SI moderne.', NULL, 1, NULL, NULL, NULL, NULL, NULL, NULL, NULL),
(59, 'PBG', 180, 'P1', 'Rématisation bâtiment 527 (soute)', 'EMAT', '16/04/2020', 'NC', 'Dés que possible', 'Impossibilité d\'utiliser l\'outil du SEA dans la cadre de SCALP pour la comptabilité carburant.', NULL, 'NC', 'Installation de prises type RJ45 pour brancher des puits de chargement (socles) des terminaux NOMADE, nouvel outil du SEA dans la cadre de SCALP pour la comptabilité carburant sur la bâtiment « soute ».', NULL, 1, NULL, NULL, NULL, NULL, NULL, NULL, NULL),
(60, 'STD', 100, '1', 'Reseaux DR et CD batiment D', 'EMAA', '05/03/2020', '250000', '2021', NULL, 1, NULL, 'Pour amelioration des conditions de travail et meilleur réactivité operationnelle', NULL, 1, NULL, NULL, NULL, NULL, NULL, NULL, NULL),
(61, 'STD', 100, '2', 'Réseau DR et CD', 'EMAA', '03/07/2020', '40000', '2021', 'besoin pour la sureté nucléaire', 0, NULL, 'Demande exprimée par le CIRISI de SAINT-DIZIER', NULL, 1, NULL, NULL, NULL, NULL, NULL, NULL, NULL),
(62, 'STD', 100, '3', 'Réseau DR et CD', 'EMAA', '03/07/2020', '40000', '2021', 'besoin pour la sureté nucléaire', 0, NULL, 'Demande exprimée par le CIRISI de SAINT-DIZIER', NULL, 1, NULL, NULL, NULL, NULL, NULL, NULL, NULL),
(63, 'STD', 100, '4', 'Réseau DR et CD', 'EMAA', '03/07/2020', '40000', '2021', 'besoin pour la sureté nucléaire', 0, NULL, 'Demande exprimée par le CIRISI de SAINT-DIZIER', NULL, 1, NULL, NULL, NULL, NULL, NULL, NULL, NULL),
(64, 'STD', 322, '2', 'Réseau DR et CD', 'EMAA', '03/07/2020', '40000', '2021', 'besoin pour la sureté nucléaire', 0, NULL, 'Demande exprimée par le CIRISI de SAINT-DIZIER', NULL, 1, NULL, NULL, NULL, NULL, NULL, NULL, NULL),
(65, 'STD', 323, '3', 'Réseau DR et CD', 'EMAA', '03/07/2020', '40000', '2021', 'besoin pour la sureté nucléaire', 0, NULL, 'Demande exprimée par le CIRISI de SAINT-DIZIER', NULL, 1, NULL, NULL, NULL, NULL, NULL, NULL, NULL),
(66, 'STD', 323, '4', 'Réseau DR et CD', 'EMAA', '03/07/2020', '40000', '2021', 'besoin pour la sureté nucléaire', 0, NULL, 'Demande exprimée par le CIRISI de SAINT-DIZIER', NULL, 1, NULL, NULL, NULL, NULL, NULL, NULL, NULL),
(67, 'STD', 100, '5', 'Mise en conformité de la desserte interne du réseau RDIP au HM3', 'EMAA', '05/03/2020', '250000', '2021', NULL, 0, NULL, 'batiment cablé sur reseau historique RP2 composante RDIP presente', NULL, 1, NULL, NULL, NULL, NULL, NULL, NULL, NULL),
(68, 'STD', 100, '6', 'Réseau Internet au RAF1', 'EMAA', '05/03/2020', '70000', '2021', NULL, 0, NULL, 'installation composante NP  besoin internet  par manque de licences ISPT', NULL, 1, NULL, NULL, NULL, NULL, NULL, NULL, NULL),
(69, 'STD', 100, '7', 'Réseau Internet au HM4', 'EMAA', '05/03/2020', '70000', '2021', NULL, 0, NULL, 'installation composante NP  besoin internet  par manque de licences ISPT', NULL, 1, NULL, NULL, NULL, NULL, NULL, NULL, NULL),
(70, 'STD', 100, '8', 'Réseau Internet au HM5', 'EMAA', '05/03/2020', '70000', '2021', NULL, 0, NULL, 'installation composante NP  besoin internet  par manque de licences ISPT', NULL, 1, NULL, NULL, NULL, NULL, NULL, NULL, NULL),
(71, 'STD', 100, '9', 'Mise au norme RDIP des bâtiments', 'EMAA', '05/03/2020', 'Devis global demandé par la DC au GME', '2021', NULL, 0, NULL, 'chenil remise aux normes batiments,', NULL, 1, NULL, NULL, NULL, NULL, NULL, NULL, NULL),
(72, 'STD', 100, '10', 'BGA/POSTE DE FILTRAGE :INSTALLATION RDIP', 'EMAA', '06/04/2020', '105000', '2021', 'La BGA et le filtrage ne sont actuellement pas reliée RDIP. L’accès à la BGA est possible en permanence sous réserve de prévenir le permanent à l’avance. Il sera intéressant de limiter au maximum la coupure de la liaison Intradef et éventuellement de maintenir au moins une liaison sur les trois existantes à la BGA.', 0, NULL, NULL, NULL, 1, NULL, NULL, NULL, NULL, NULL, NULL, NULL),
(73, 'STD', 100, '11', 'Raccordement du GYMNASE au réseau RDIP ', 'EMAA', '07/04/2020', '150000', '2021', 'Raccorder le GYMNASE, SAGRI N°315 de la BA113 au réseau RDIP (composante INTRADEF et INTERNET), avec la mise en place de 4 microswitchs (DR/D4) pour 4 postes INTRADEF et 1 microswitch (NP/D4) pour un poste INTERNET.\n\nGains : rapidité et fluidité du travail sas coupures réseaux comme c’est le cas actuellement\n', 0, NULL, 'Bâtiment relier par MODEM ADSL à équiper en RDIP', NULL, 1, NULL, NULL, NULL, NULL, NULL, NULL, NULL),
(74, 'STD', 105, '10', 'BGA/POSTE DE FILTRAGE :INSTALLATION RDIP', 'EMAA', '06/04/2020', '105000', '2021', 'La BGA et le filtrage ne sont actuellement pas reliée RDIP. L’accès à la BGA est possible en permanence sous réserve de prévenir le permanent à l’avance. Il sera intéressant de limiter au maximum la coupure de la liaison Intradef et éventuellement de maintenir au moins une liaison sur les trois existantes à la BGA.', 0, NULL, NULL, NULL, 1, NULL, NULL, NULL, NULL, NULL, NULL, NULL),
(75, 'STD', 324, '11', 'Raccordement du GYMNASE au réseau RDIP ', 'EMAA', '07/04/2020', '150000', '2021', 'Raccorder le GYMNASE, SAGRI N°315 de la BA113 au réseau RDIP (composante INTRADEF et INTERNET), avec la mise en place de 4 microswitchs (DR/D4) pour 4 postes INTRADEF et 1 microswitch (NP/D4) pour un poste INTERNET.\n\nGains : rapidité et fluidité du travail sas coupures réseaux comme c’est le cas actuellement\n', 0, NULL, 'Bâtiment relier par MODEM ADSL à équiper en RDIP', NULL, 1, NULL, NULL, NULL, NULL, NULL, NULL, NULL),
(76, 'MUY', 55, 'P1', 'RSO FIBRE CGE', 'EMAT', '21/04/2020', 'a chiffrer', 'cf. FEB', 'cf. FEB', 1, NULL, 'RELANCE :\ncf. FEB_besoins  réseaux NP DR et classifiés CGE 2021.doc', NULL, 1, NULL, NULL, NULL, NULL, NULL, NULL, NULL),
(77, 'MUY', 55, 'P1', 'RSO 6CIE', 'EMAT', '21/04/2020', 'a chiffrer', 'cf. FEB', 'cf. FEB', 1, NULL, 'cf. FEB_besoins  réseaux NP DR Algeco 2021.doc', NULL, 1, NULL, NULL, NULL, NULL, NULL, NULL, NULL),
(78, 'MUY', 55, 'P1', 'SOLIMP CD', 'EMAT', '21/04/2020', NULL, NULL, NULL, 0, NULL, 'RELANCE :\nA ce jour, le régiment est connecté à la bulle INTRACED du COMRENS qui sert de \"passerelle\" vers STC-IA v0.5. Dans le cadre de la migration vers STC-IA v0.5, les solutions de numérisation/impression sécurisées sont prévues, ont déjà été recensées par la DC-DIRISI/SICO et seront acquises sur le marché SOLIMPE3. Toutefois, STC-IA prenant du retard, le 44RT ne dispose toujours pas de solution d\'impression/numérisation officielle et soutenue.\nEn conséquence, le 44RT réitère sa demande (sur les conseils du CIRISI de Strasbourg) que lui soit commandé/attribué 6 photocopieurs du marché SOLIMPE3 à déployer sur le réseau INTRACED (bulle COMRENS déployée au quartier Moussy et au CGE), sur le réseau MUSE (déployé au quartier Moussy et au CGE) et sur le poste MAGIC du comptable ACSSI (quartier Moussy).', 'FEB déjà produite et transmise à DIRISI MTZ/BCS', 1, NULL, NULL, NULL, NULL, NULL, NULL, NULL),
(79, 'MTG', 284, 'P1', 'Liaison internet HD', 'EMAT', '04/05/2020', NULL, 'DQP', NULL, NULL, NULL, NULL, 'Le CIRISI a transmis en 2019 une FEB à DIRISI/SCOE demandant la rationalisation du réseau Internet et le passage en Fibre Optique.', 1, NULL, NULL, NULL, NULL, NULL, NULL, NULL),
(80, 'SGN', 163, 'en attente validation SDI /BDD', 'Déménagement de l\'EM au quartier STIRN', 'EMAT', '15/04/2020', NULL, '01/01/2021', NULL, 1, '2021', 'L\'évènement majeur pour l\'EM-COMRENS en 2021 est la préparation du déménagement du quartier TURENNE vers le quartier STIRN (fin 2021, 2022). L\'esemble du projet n\'est pas décrit ici mais fait l\'objet d\'un dossier détaillé, en liaison avec la BDD, le GSBDD, le SID et la DIRISI.', NULL, 1, NULL, NULL, NULL, NULL, NULL, NULL, NULL),
(81, 'OBF', 31, 'P1', '20 câbles RJ45 de 10 mètres', 'EMAT', '05/05/2020', NULL, '01/01/2021', NULL, 0, NULL, 'Le 28 GG déploie régulièrement des réseaux de circonstance en salle crise ou CGAO.. Afin de sécurider les machines, le 28 GG souhaite etre équipé de20 câbles RJ45 de 10 mètres.', NULL, 1, NULL, NULL, NULL, NULL, NULL, NULL, NULL),
(82, 'CRW', 8, 'P1', 'Extension réseau CD SF INTRACED', 'EMAT', '04/05/2020', NULL, '01/05/2021', NULL, NULL, NULL, NULL, NULL, 1, NULL, NULL, NULL, NULL, NULL, NULL, NULL),
(83, 'SGN', 139, 'P1', 'resserrement du bureau de formation des linguistes d\'écoute dans le bâtiment 007  de la caserne Stirn', 'DRM', '01/05/2020', NULL, '01/07/2022', 'Oui', 1, NULL, 'Dans le cadre du transfert du CFIAR et de l\'installation du CRT dans la caserne Stirn, la formation des linguistes d\'écoute est maintenue à Strasbourg.\nAfin de libérer l\'espace nécessaire au CRT, le bureau de formation doit se resserrer sur un étage et demi.\nL\'ensemble des locaux doit être reconfiguré en courants forts et courants faibles pour répondre aux besoins en formation. Des locaux techniques serveurs et administration serveur (ZR) doivent être réalisés pour recevoir les équipements à transférer du second au troisième étage.', NULL, 1, NULL, NULL, NULL, NULL, NULL, NULL, NULL),
(84, 'VDN', 223, 'P1', '55 POINTS DE CONNEXION AU BAT GSBDD', 'SCA', '25/03/2020', NULL, '1er trimestre 2021', 'non mise aux normes et impossibilité de réaliser pleinement la mutation GS NG', 0, NULL, 'création d\'une ZR\ncourants forts\nclimatisation', NULL, 1, NULL, NULL, NULL, NULL, NULL, NULL, NULL),
(85, 'VDN', 16, 'P1', '2 POINTS DE CONNEXION FANFARE', 'EMAT', '06/04/2020', NULL, '1er trimestre 2021', 'impossibilité pour le bureau concerné de fonctionner en réseau intradef en respectant les normes SSI', 0, NULL, NULL, NULL, 1, NULL, NULL, NULL, NULL, NULL, NULL, NULL),
(86, 'LES', 171, 'P1', 'C A D I V S', 'EMAT', '22/06/2020', '>20k€', '1er Semestre 2020', 'Voir FEB jointe', 1, NULL, 'FEB Initiale 500395/QGCRR-FR/CG/CDC/DR du 21-01-19 - COSI n° 455510', NULL, 1, NULL, NULL, NULL, NULL, NULL, NULL, NULL),
(87, 'DID', 3, NULL, 'Création local IntraCED', 'EMAT', '18/06/2020', '13534', '1er Semestre 2020', 'Voir FEB Jointe', 1, '2021', NULL, NULL, 1, NULL, NULL, NULL, NULL, NULL, NULL, NULL),
(88, 'DOU', 52, NULL, 'Rématisation de bureaux Bât 046', 'COMSIC', '19/06/2020', '>20k€', '1er Semestre 2020', 'Voir FEB Jointe', 1, '2021', NULL, NULL, 1, NULL, NULL, NULL, NULL, NULL, NULL, NULL),
(89, 'LXL', 322, '1', 'Réfection sonorisation Bâtiment HM2 RDC (couloir et vestiaire)', 'CFA/BA116', '2018', NULL, 'Dès que possible', 'Rupture des services SIC', 0, NULL, 'Dysfonctionnement de la sono', NULL, 1, NULL, NULL, NULL, NULL, NULL, NULL, NULL),
(90, 'EVN', 23, '2', 'Disposer d\'un nombre suffisant de prises réseau dans la salle COMP (Centre Opérationnel de Montée en Puissance)', 'EMAT', '06/04/2020', NULL, '1er semestre 2021', NULL, NULL, NULL, 'Création du COMP', NULL, 1, NULL, NULL, NULL, NULL, NULL, NULL, NULL),
(91, 'EVN', 23, '3', 'Disposer d\'un réseau Intradef et de téléphonie dans les futurs bureaux du POOLING Régimentaire', 'EMAT', '06/04/2020', NULL, '1er semestre 2021', NULL, NULL, NULL, 'Déménagement du POOLING Régimentaire', NULL, 1, NULL, NULL, NULL, NULL, NULL, NULL, NULL),
(92, 'LXL', 290, '4', 'Raccordement réseau RDIP', 'CFA/BA116', '29/09/2016', '60000', 'Dès que possible', '/', 0, NULL, 'Avoir le même niveau de service que le réseau MAN-IP', NULL, 1, NULL, NULL, NULL, NULL, NULL, NULL, NULL),
(93, 'LXL', 101, '5', 'Raccordement réseau RDIP', 'CFA/BA116', '29/09/2016', '60000', 'Dès que possible', 'Interruption de service', 0, NULL, 'Avoir le même niveau de service que le réseau MAN-IP', NULL, 1, NULL, NULL, NULL, NULL, NULL, NULL, NULL),
(94, 'LXL', 326, '5', 'Raccordement réseau RDIP', 'CFA/BA116', '29/09/2016', '60000', 'Dès que possible', 'Interruption de service', 0, NULL, 'Avoir le même niveau de service que le réseau MAN-IP', NULL, 1, NULL, NULL, NULL, NULL, NULL, NULL, NULL),
(95, 'LXL', 105, '6', 'Raccordement réseau RDIP', 'BA116/BGA', '29/09/2016', '60000', 'Dès que possible', '/', 0, NULL, 'Avoir le même niveau de service que le réseau MAN-IP', NULL, 1, NULL, NULL, NULL, NULL, NULL, NULL, NULL),
(96, 'LXL', 101, '6', 'Raccordement réseau RDIP', 'BA116/BGA', '29/09/2016', '60000', 'Dès que possible', '/', 0, NULL, 'Avoir le même niveau de service que le réseau MAN-IP', NULL, 1, NULL, NULL, NULL, NULL, NULL, NULL, NULL),
(97, 'LXL', 69, '7', 'Raccordement réseau RDIP', 'SSA', '2015', '200000', 'Dès que possible', '/', 0, NULL, 'Avoir le même niveau de service que le réseau actuellement existant et dépannage rapide', NULL, 1, NULL, NULL, NULL, NULL, NULL, NULL, NULL),
(98, 'LFG', 15, '1', '1RA - BAT 117', 'TERRE', '25/05/2020', NULL, 'Année 2021', 'CF : FEB', 1, NULL, 'CF : FEB', NULL, 1, NULL, NULL, NULL, NULL, NULL, NULL, NULL),
(99, 'GEY', 108, NULL, 'FOURNIR LE RZO AU BPIA', NULL, NULL, NULL, NULL, NULL, NULL, NULL, NULL, NULL, 0, '19-190', 'PDC-2020-1586/01', NULL, 'BNR2020 - Raccordement au réseau Intradef du site de GERGY', '30000', 'S18', 'Dossier à l\'étude depuis le 03/03/2020 (désignation CAT zone Ouest)\nAttention : il n\'y a ni VPN ni autocom (tout est à créer).\nCréation de VPN demandé par BCS au 16/06/2020\nVisite de site au 6 et 7 juillet 2020'),
(100, 'LFG', 15, NULL, 'Réaliser le câblage au 1er Régiment d’Artillerie de Bourogne au quartier Ailleret bâtiment 117 / armurerie et magasins soit 3 PTR.', NULL, NULL, NULL, NULL, NULL, NULL, NULL, NULL, NULL, 0, '19-177', 'PDC-2020-0195/01', NULL, 'BNR2020-EMAT-MTZ-BLT-RENO-1RA - BAT117', '140000', 'S9', 'Dossier à l\'étude depuis le 03/03/2020 (désignation CAT zone Ouest)\nRéunion sur site prévue au 1er et 2 juillet'),
(101, 'VDO', 7, NULL, 'Afin de faciliter l’accès au réseau dans certaines zones éloignées du cœur du régiment,   le 13RG demande la rématisation des bâtiments suivants :    - Bat 417 : 2 points d’accès   - Bat 700 : 2 points d’accès  - Bat 603 : 6 points d’accès  - Bat 157 : 3 points d’accès          ', NULL, NULL, NULL, NULL, NULL, NULL, NULL, NULL, NULL, 0, '19-178', 'PDC-2020-0195/10', '200229', 'BNR2020-EMAT-MTZ-VDO-EXT-13RG - BAT417-700-603-157', '76291,37', 'S9', 'AVP transmis à ITNI le 24/02/2020\n=> FEB DECLIC + SP et PROBOCOM transmis à BRC le 25/03/2020 pour envoi vers DC\nRANG N° 200229'),
(102, 'BHE', 11, NULL, 'Le 16°BCP de Bitche demande la création de points d\'accès au quartier LCL DRIANT, pour plusieurs bâtiments.', NULL, NULL, NULL, NULL, NULL, NULL, NULL, NULL, NULL, 0, '19-179', 'PDC-2020-0195/18', NULL, 'BNR2020-EMAT-MTZ-BHE-EXT-16BCP-BAT216-205-242-234', '40000', 'S18', 'Dossier RLI en cours au CIRISI NCY => visite de site à programmer pour juillet 2020'),
(103, 'EVN', 152, NULL, 'Rématisation des futurs LOCAUX du DETSIC et du CORSIC au bâtiment 47', NULL, NULL, NULL, NULL, NULL, NULL, NULL, NULL, NULL, 0, '19-180', 'PDC-2020-0199/01', NULL, 'BNR2020-DIRISI-MTZ-EVN-EXT-CIRISI-Bâtiment 47Detsic-[P1-MTZ]', '45000', 'S18', 'Visite de site au 06/06/2020\nAttente début des travaux'),
(104, 'MTZ', 321, NULL, ' pôle opérationnel « Espace Numérique de Travail » (ENT)', NULL, NULL, NULL, NULL, NULL, NULL, NULL, NULL, NULL, 0, '19-150', 'PDC-2020-0199/02', NULL, 'BNR2020-DIRISI-MTZ-MTZ-TRANSF-ESPACE NUMERIQUE DE TRAVAIL-[P2-MTZ]', '25000', 'S18', 'Aucun travaux à réaliser'),
(105, 'SGN', 325, NULL, 'Dans le cadre de la préparation à la migration des unités clientes PSP2 sur STCIA, notamment de la DRM, la cellule planification J5 du CO migration demande, en matière de mise en exploitation, la priorisation des enclaves accueillant actuellement des utilisateurs PSP2.', NULL, NULL, NULL, NULL, NULL, NULL, NULL, NULL, NULL, 0, '18-186', 'PDC-2020-0201/01', NULL, 'BNR2020-DRM-MTZ-SGN-SEC-CFIAR-migrationPSP2versSTCIAV0.5', '150000', 'S18', 'RCP : WLT / CAT : CIRISI\nReprise des tvx le 11 mai 2020 - PES transmis au CFIAR par le CIRISI, certificat de conformité à finaliser'),
(106, 'VDO', 7, NULL, 'Afin d’équiper le poste de sécurité en réseau, demande   - Bat 206 : 2 PA        ', NULL, NULL, NULL, NULL, NULL, NULL, NULL, NULL, NULL, 0, '19-124', 'PDC-2020-0195/09', NULL, 'BNR2020-EMAT-MTZ-VDO-EXT-13RG - BAT206', '45000', 'S9', 'Visite de site effectuée le 05/03/2020 avec sociétés ITNI et DG TELECOM.\nSP et probocom reçus  le 17/03 \n=> FEB DECLIC + SP et PROBOCOM transmis à la DC le 24/03/2020\nDébut des travaux à planifier'),
(107, 'SGN', 163, NULL, 'déploiement du réseau INTRACED au profit de la DIV DEP et de la DIV OPERATIONS (12postes)', NULL, NULL, NULL, NULL, NULL, NULL, NULL, NULL, NULL, 0, '19-189', 'PDC-2020-0195/14', NULL, 'BNR2020-EMAT-MTZ-SGN-SEC-COMRENS- BAT 9', '30000', 'S18', 'RCP : WLT CAT : S. Transverse\nDossier RLI6 vérifié. En attente du SP et Probocom après visite sur site à planifier. Envoi du tout avec FEB DECLIC à l\'issue.'),
(108, 'CHT', 76, NULL, 'plate-forme PFI SAER', NULL, NULL, NULL, NULL, NULL, NULL, NULL, NULL, NULL, 0, '19-151', 'PDC-2020-0195/16', NULL, 'BNR2020-EMAT-MTZ-CHT-EXT-61RA- SAER-C', '27000', 'S9', 'Dossier RLI transmi à ITNI.\nDevis reçus le 30/03/2020. Attente notification'),
(109, 'BLT', 41, NULL, 'Réaliser le câblage au 35°RI de Belfort au quartier MAUD\'HUY bâtiment 02 / BOI et BEH soit 12 PTR.', NULL, NULL, NULL, NULL, NULL, NULL, NULL, NULL, NULL, 0, '19-181', 'PDC-2020-0195/02', NULL, 'BNR2020-EMAT-MTZ-BLT-EXT-35RI - BAT02', '30000', 'S24', 'Pris en compte le 03/03/2020 par section Ouest\nRéunion sur site prévue au 1er et 2 juillet'),
(110, 'BSN', 14, NULL, 'A la vue de ses nouvelles attributions, L’EM1DIV demande l’extension et l’activation de son réseau FrOpS au sein du bâtiment 006 du quartier RUTY.', NULL, NULL, NULL, NULL, NULL, NULL, NULL, NULL, NULL, 0, '19-182', 'PDC-2020-0195/06', NULL, 'BNR2020-EMAT-MTZ-BSN-SEC-EM1DIV - BAT006-FROPS', '45000', 'S24', 'Visite de site effectuée le 05/03/2020 avec sociétés ITNI et REALISS.\nSP et probocom reçus non finalisés le 17/03 => questions ITNI en attente réponse CIRISI BSN\nAttente notification'),
(111, 'OBF', 35, NULL, 'Création d\'une bulle informationnelle CDSF  ', NULL, NULL, NULL, NULL, NULL, NULL, NULL, NULL, NULL, 0, '19-184', 'PDC-2020-0195/13', NULL, NULL, '80000', 'S18', 'RCP : WLT CAT : CIRISI STG\nDossier RLI en cours'),
(112, 'MTG', 55, NULL, 'Extension du réseau fibre dans une pièce situé au niveau -2  ainsi que 10 prises.', NULL, NULL, NULL, NULL, NULL, NULL, NULL, NULL, NULL, 0, '19-186', 'PDC-2020-0195/15', NULL, 'BNR2020-EMAT-MTZ-MTG-SEC-44RT- PIECE 252', '30000', 'S18', 'Dossier RLI en cours au CIRISI STG'),
(113, 'CCN', 108, NULL, 'création d\'une salle de formation', NULL, NULL, NULL, NULL, NULL, NULL, NULL, NULL, NULL, 0, '19-064', 'PDC-2020-0200/01', NULL, 'BNR2020-SEA-MTZ-CCN-EXT-BPIA-Salle maquette de formation SCALP', '42000', 'S18', 'Le bénéficiaire a annulé son besoin (il veut récupérer le financement pour le CIEP de GERGY)'),
(114, 'VDO', 140, NULL, 'Au vu de l’arrivée d’une 2ème compagnie du CFIM, le bâtiment 525 nécessite d’être rématisé afin d’accueillir le commandement et les sections.     - Bat 525 : 9 PA  ', NULL, NULL, NULL, NULL, NULL, NULL, NULL, NULL, NULL, 0, '19-183', 'PDC-2020-0195/07', NULL, 'BNR2020-EMAT-MTZ-VDO-EXT-CFIM - BAT525', '55000', 'S24', 'Attention : Suite à visite de site et à entretien avec l\'adjoint du CFIM de la 7°BB, le bâtiment 525, concerné par les travaux, n\'est plus attribué au CFIM.'),
(115, 'SRG', 20, NULL, 'Raccordement du magasin centralisé ', NULL, NULL, NULL, NULL, NULL, NULL, NULL, NULL, NULL, 0, '19-185', 'PDC-2020-0195/19', NULL, 'BNR2020-EMAT-MTZ-SRG-EXT-1RI-BAT 5-7-8-9 et 11', '22000', 'S24', 'Dossier RLI en cours (CAT zone Ouest)\nvisite sur site prévue les 1er et 2 juillet'),
(116, 'PBG', 18, NULL, 'Raccordement § Connexion aux réseaux d\'un bâtiment et mise en place de points d\'accès (Bât 055)', NULL, NULL, NULL, NULL, NULL, NULL, NULL, NULL, NULL, 0, '19-187', 'PDC-2020-0195/20', NULL, 'BNR2020-EMAT-MTZ-PBG-TRANSF-1RHC-BAT055', '35000', 'S24', 'Le dossier doit être remis pour fin S25 (19/06/2020)'),
(117, 'PBG', 18, NULL, 'Mise en place de points d\'accès réseaux et modernisation du réseau existant (Bât 505)', NULL, NULL, NULL, NULL, NULL, NULL, NULL, NULL, NULL, 0, '19-188', 'PDC-2020-0195/21', NULL, 'BNR2020-EMAT-MTZ-PBG-TRANSF-1RHC-BAT505', '47000', 'S24', 'Le dossier doit être remis pour fin S26 (26/06/2020)');

-- --------------------------------------------------------

--
-- Stellvertreter-Struktur des Views `bnr_prevision`
-- (Siehe unten für die tatsächliche Ansicht)
--
DROP VIEW IF EXISTS `bnr_prevision`;
CREATE TABLE IF NOT EXISTS `bnr_prevision` (
`Id_bnr_prevision` int(11)
,`Montant_estime` varchar(50)
,`Description` varchar(1000)
,`Date_de_demande` varchar(255)
,`Date_d_echeance` varchar(255)
,`Id_organisme` int(11)
);

-- --------------------------------------------------------

--
-- Tabellenstruktur für Tabelle `mim3`
--

DROP TABLE IF EXISTS `mim3`;
CREATE TABLE IF NOT EXISTS `mim3` (
  `Id_mim` int(11) NOT NULL AUTO_INCREMENT,
  `Master_ID` varchar(255) COLLATE utf8_bin DEFAULT NULL,
  `Type` varchar(255) COLLATE utf8_bin NOT NULL,
  `Debit` varchar(255) COLLATE utf8_bin DEFAULT NULL,
  `IP_PFS` varchar(255) COLLATE utf8_bin DEFAULT NULL,
  `IP_LAN_SUBNET` varchar(255) COLLATE utf8_bin DEFAULT NULL,
  `Id_organisme` int(11) DEFAULT NULL,
  `Trigramme` varchar(255) COLLATE utf8_bin DEFAULT NULL,
  `Etat` tinyint(4) DEFAULT NULL,
  PRIMARY KEY (`Id_mim`),
  KEY `MIM3_Organisme_FK` (`Id_organisme`),
  KEY `Trigramme` (`Trigramme`)
) ENGINE=InnoDB AUTO_INCREMENT=287 DEFAULT CHARSET=utf8 COLLATE=utf8_bin;

--
-- Daten für Tabelle `mim3`
--

INSERT INTO `mim3` (`Id_mim`, `Master_ID`, `Type`, `Debit`, `IP_PFS`, `IP_LAN_SUBNET`, `Id_organisme`, `Trigramme`, `Etat`) VALUES
(1, 'HM0010000010421', 'Cuivre', '2', NULL, '77.129.17.112/29', 148, 'ASI', 1),
(2, 'HM0010000010135', 'Cuivre', '2', NULL, '77.129.17.232/29', 148, 'ASI', 1),
(3, 'HM0010000010423', 'Cuivre', '2', NULL, '77.128.249.136/29', 291, 'AUC', 1),
(4, 'HM0010000036757', 'Cuivre', '12', NULL, '77.129.206.156/30', 291, 'AUC', 1),
(5, 'HM0010000010425', 'Cuivre', '2', NULL, '77.128.249.40/29', 228, 'AUN', 1),
(6, 'HM0010000010427', 'Cuivre', '2', NULL, '77.129.17.128/29', 228, 'AUN', 1),
(7, 'HM0010000010429', 'Cuivre', '2', NULL, '77.129.3.40/29', 60, 'AXE', 1),
(8, 'HM0010000010431', 'Cuivre', '2', NULL, '77.129.17.136/29', 14, 'BCN', 1),
(9, 'HM0010000007095', 'Cuivre', '2', NULL, '77.129.3.64/30', 21, 'BCS', 1),
(10, 'HM0010000010433', 'Cuivre', '2', NULL, '77.129.3.236/30', 287, 'BFT', 1),
(11, 'HM0010000010621', 'Cuivre', '2', NULL, '77.129.3.188/30', 120, 'BHE', 1),
(12, 'HM0010000010435', 'Cuivre', '2', NULL, '77.129.3.208/30', 120, 'BHE', 1),
(13, 'HM0010000032773', 'Cuivre', '2', NULL, '77.128.249.92/30', 10, 'BHE', 1),
(14, 'HM0010000032781', 'Cuivre', '2', NULL, '77.128.249.96/30', 129, 'BHE', 1),
(15, 'HM0010000010137', 'Cuivre', '2', NULL, '77.129.3.192/29', 41, 'BLT', 1),
(16, 'HM0010000052019', 'Cuivre', '2', NULL, '77.128.244.164/30', 13, 'BNJ', 1),
(17, 'HM0010000052019', 'Cuivre', '2', NULL, '77.128.244.164/30', 223, 'BNJ', 1),
(18, 'HM0010000010439', 'Cuivre', '2', NULL, '77.129.3.8/29', 83, 'BNY', 1),
(19, 'HM0010000010441', 'Cuivre', '2', NULL, '77.128.234.28/30', 269, 'BOE', 1),
(20, 'HM0010000010139', 'Cuivre', '2', NULL, '77.128.244.16/29', 269, 'BOE', 1),
(21, 'HM0010000007097', 'Cuivre', '1', NULL, '77.128.234.12/30', 167, 'BOY', 1),
(22, 'HM0010000047079', 'Cuivre', '4', NULL, '77.129.206.196/30', 192, 'BRB', 1),
(23, 'HM0010000032787', 'Cuivre', '4', NULL, '77.128.249.64/30', 148, 'BRI', 1),
(24, 'HM0010000032787', 'Cuivre', '4', NULL, '77.128.249.64/30', 291, 'BRI', 1),
(25, 'HM0010000010153', 'Cuivre', '4', NULL, '77.129.17.144/29', 216, 'BSN', 1),
(26, 'HM0010000010149', 'Cuivre', '4', NULL, '77.129.17.152/29', 14, 'BSN', 1),
(27, 'HM0010000010145', 'Cuivre', '4', NULL, '77.129.17.240/29', 178, 'BSN', 1),
(28, 'HM0010000010141', 'Cuivre', '4', NULL, '77.129.17.248/29', 148, 'BSN', 1),
(29, 'HM0010000010151', 'Cuivre', '4', NULL, '77.129.3.16/29', 216, 'BSN', 1),
(30, 'HM0010000010147', 'Cuivre', '4', NULL, '77.129.3.24/29', 192, 'BSN', 1),
(31, 'HM0010000010155', 'Cuivre', '2', NULL, '77.129.3.200/29', 294, 'BTH', 1),
(32, 'HM0010000007099', 'Cuivre', '2', NULL, '77.128.244.180/30', 192, 'CAF', 1),
(33, 'HM0010000010159', 'Cuivre', '2', NULL, '77.128.234.120/30', 174, 'CCL', 1),
(34, 'HM0010000010157', 'Cuivre', '2', NULL, '77.128.234.124/30', 89, 'CCL', 1),
(35, 'HM0010000010161', 'Cuivre', '2', NULL, '77.129.3.136/30', 67, 'CCU', 1),
(36, 'HM0010000010163', 'Cuivre', '2', NULL, '77.129.206.56/29', 148, 'CDA', 1),
(37, '9218303', 'Cuivre', '2', NULL, '77.129.3.56/29', 46, 'CEM', 1),
(38, 'HM0010000010165', 'Cuivre', '2', NULL, '77.129.3.68/30', 46, 'CEM', 1),
(39, 'HM0010000007101', 'Cuivre', '2', NULL, '77.128.234.160/29', 114, 'CFM', 1),
(40, 'HM0010000010167', 'Cuivre', '2', NULL, '77.129.3.48/29', 204, 'CFO', 1),
(41, 'HM0010000010169', 'Cuivre', '2', NULL, '77.128.244.12/30', 216, 'CHA', 1),
(42, 'HM0010000010171', 'Cuivre', '2', NULL, '77.128.234.112/30', 281, 'CHF', 1),
(43, 'HM0010000010173', 'Cuivre', '2', NULL, '77.128.234.116/30', 270, 'CHF', 1),
(44, 'HM0010000010175', 'Cuivre', '2', NULL, '77.128.234.104/29', 91, 'CHU', 1),
(45, 'HM0010000010175', 'Cuivre', '2', NULL, '77.128.234.104/29', 191, 'CHU', 1),
(46, 'HM0010000007263', 'Cuivre', '2', NULL, '77.128.234.20/30', 260, 'CRM', 1),
(47, 'HM0010000007093', 'Cuivre', '2', NULL, '77.129.206.32/29', 291, 'CRR', 1),
(48, '9218273', 'Cuivre', '4', NULL, '77.129.3.76/30', 8, 'CRW', 1),
(49, '9218286', 'Cuivre', '4', NULL, '77.129.3.80/30', 8, 'CRW', 1),
(50, 'HM0010000036321', 'Cuivre', '4', NULL, '77.129.3.72/30', 8, 'CRW', 1),
(51, 'HM0010000007107', 'Cuivre', '4', NULL, '77.128.244.176/30', 148, 'CTH', 1),
(52, 'HM0010000010181', 'Cuivre', '2', NULL, '77.128.234.100/30', 218, 'CTS', 1),
(53, 'HM0010000010177', 'Cuivre', '2', NULL, '77.128.234.92/30', 200, 'CTS', 1),
(54, 'HM0010000010179', 'Cuivre', '2', NULL, '77.128.234.96/30', 201, 'CTS', 1),
(55, 'HM0010000010183', 'Cuivre', '4', NULL, '77.128.244.80/29', 158, 'DEC', 1),
(56, 'HM0010000010185', 'Cuivre', '2', NULL, '77.128.234.32/29', 269, 'DES', 1),
(57, 'HM0010000010187', 'Cuivre', '2', NULL, '77.129.17.184/29', 86, 'DID', 1),
(58, 'HM0010000010193', 'Cuivre', '2', NULL, '77.129.17.168/29', 192, 'DJN', 1),
(59, 'HM0010000010189', 'Cuivre', '2', NULL, '77.129.3.88/29', 148, 'DJN', 1),
(60, 'HM0010000010191', 'Cuivre', '2', NULL, '77.129.3.96/29', 174, 'DJN', 1),
(61, 'HM0010000034235', 'Cuivre', '4', NULL, '77.128.249.76/30', 88, 'DJN', 1),
(62, 'HM0010000007109', 'Cuivre', '2', NULL, '77.129.3.216/30', 195, 'DNA', 1),
(63, 'HM0010000007113', 'Cuivre', '2', NULL, '77.129.3.224/30', 279, 'DNA', 1),
(64, 'HM0010000007115', 'Cuivre', '2', NULL, '77.129.3.212/30', 196, 'DNG', 1),
(65, 'HM0010000010195', 'Cuivre', '2', NULL, '77.128.234.56/29', 291, 'DNL', 1),
(66, 'HM0010000010197', 'Cuivre', '2', NULL, '77.129.17.0/30', 117, 'DNN', 1),
(67, 'HM0010000010199', 'Cuivre', '2', NULL, '77.129.3.248/29', 271, 'DNN', 1),
(68, '9805970', 'Cuivre', '12', NULL, '77.129.206.108/30', 117, 'DNN', 1),
(69, '9805554', 'Cuivre', '12', NULL, '77.129.206.104/30', 271, 'DNN', 1),
(70, 'HM0010000010201', 'Cuivre', '2', NULL, '77.129.3.244/30', 52, 'DOU', 1),
(71, 'HM0010000010201', 'Cuivre', '2', NULL, '77.129.3.244/30', 111, 'DOU', 1),
(72, 'HM0010000010203', 'Cuivre', '2', NULL, '77.128.234.48/29', 148, 'DPY', 1),
(73, 'HM0010000010445', 'Cuivre', '4', NULL, '77.128.249.48/29', 212, 'DVM', 1),
(74, 'HM0010000010205', 'Cuivre', '2', NULL, '77.128.249.144/30', 140, 'DZE', 1),
(75, 'HM0010000010447', 'Cuivre', '2', NULL, '77.128.249.156/30', 140, 'DZE', 1),
(76, 'HM0010000010209', 'Cuivre', '2', NULL, '77.128.249.112/30', 291, 'EPT', 1),
(77, 'HM0010000010209', 'Cuivre', '2', NULL, '77.128.249.112/30', 192, 'EPT', 1),
(78, 'HM0010000010215', 'Cuivre', '2', NULL, '77.128.249.120/30', 23, 'EVN', 1),
(79, 'HM0010000010217', 'Cuivre', '2', NULL, '77.129.17.96/29', 251, 'GLE', 1),
(80, 'HM0010000007119', 'Cuivre', '2', NULL, '77.129.3.180/30', 83, 'GSE', 1),
(81, 'HM0010000007117', 'Cuivre', '2', NULL, '77.129.3.184/30', 83, 'GSE', 1),
(82, 'HM0010000010565', 'Cuivre', '2', NULL, '77.128.244.208/30', 294, 'HEG', 1),
(83, 'HM0010000036323', 'Cuivre', '4', NULL, '77.129.206.178/30', 294, 'HEG', 1),
(84, 'HM0010000007121', 'Cuivre', '4', NULL, '77.128.249.160/29', 197, 'HUA', 1),
(85, 'HM0010000007125', 'Cuivre', '2', NULL, '77.128.249.152/30', 34, 'IGN', 1),
(86, 'HM0010000010221', 'Cuivre', '2', NULL, '77.129.17.200/29', 112, 'LER', 1),
(87, 'HM0010000010219', 'Cuivre', '2', NULL, '77.129.17.208/29', 294, 'LER', 1),
(88, 'HM0010000010225', 'Cuivre', '2', NULL, '77.129.17.64/30', 235, 'LER', 1),
(89, 'HM0010000010223', 'Cuivre', '2', NULL, '77.129.206.200/29 ', 205, 'LER', 1),
(90, 'HM0010000010229', 'Cuivre', '2', NULL, '77.129.17.216/29', 171, 'LES', 1),
(91, 'HM0010000010227', 'Cuivre', '2', NULL, '77.129.17.224/29', 171, 'LES', 1),
(92, 'HM0010000010227', 'Cuivre', '2', NULL, '77.129.17.224/29', 220, 'LES', 1),
(93, 'HM0010000010233', 'Cuivre', '2', NULL, '77.129.17.76/30', 171, 'LES', 1),
(94, 'HM0010000010231', 'Cuivre', '2', NULL, '77.129.17.80/29', 171, 'LES', 1),
(95, 'HM0010000010235', 'Cuivre', '2', NULL, '77.129.17.88/29', 170, 'LES', 1),
(96, 'HM0010000037245', 'Cuivre', '8', NULL, '77.129.206.140/30', 220, 'LES', 1),
(97, 'HM0010000037245', 'Cuivre', '8', NULL, '77.129.206.140/30', 171, 'LES', 1),
(98, 'HM0010000036759', 'Cuivre', '8', NULL, '77.129.206.216/29', 171, 'LES', 1),
(99, 'HM0010000037247', 'Cuivre', '8', NULL, '77.129.206.128/30', 171, 'LES', 1),
(100, '9806020', 'Cuivre', '8', NULL, '77.129.206.124/30', 171, 'LES', 1),
(101, 'HM0010000036761', 'Cuivre', '8', NULL, '77.129.206.136/30', 170, 'LES', 1),
(102, 'HM0010000010237', 'Cuivre', '4', NULL, '77.129.17.16/29', 141, 'LEX', 1),
(103, 'HM0010000010241', 'Cuivre', '2', NULL, '77.128.244.48/29', 15, 'LFG', 1),
(104, 'HM0010000010449', 'Cuivre', '4', NULL, '77.129.17.40/30', 141, 'LLK', 1),
(105, 'HM0010000010245', 'Cuivre', '4', NULL, '77.129.17.44/29', 294, 'LLK', 1),
(106, 'HM0010000010247', 'Cuivre', '4', NULL, '77.129.17.52/30', 152, 'LLK', 1),
(107, '9806001', 'Cuivre', '8', NULL, '77.129.206.120/30', 157, 'LLK', 1),
(108, 'HM0010000010249', 'Cuivre', '2', NULL, '77.129.17.160/29', 192, 'LLS', 1),
(109, 'HM0010000010451', 'Cuivre', '4', NULL, '77.129.17.56/30', 174, 'LLV', 1),
(110, 'HM0010000010253', 'Cuivre', '2', NULL, '77.129.17.192/29', 112, 'LMI', 1),
(111, 'HM0010000010255', 'Cuivre', '2', NULL, '77.129.17.24/30', 152, 'LMI', 1),
(112, 'HM0010000010251', 'Cuivre', '2', NULL, '77.129.17.28/30', 89, 'LMI', 1),
(113, '9805987', 'Cuivre', '8', NULL, '77.129.206.116/30', 89, 'LMI', 1),
(114, 'HM0010000010257', 'Cuivre', '2', NULL, '77.128.234.128/29', 148, 'LNV', 1),
(115, 'HM0010000010259', 'Cuivre', '2', NULL, '77.128.234.136/30', 192, 'LNV', 1),
(116, '9805979', 'Cuivre', '4', NULL, '77.129.206.112/30', 282, 'LPI', 1),
(117, 'HM0010000010263', 'Cuivre', '2', NULL, '77.129.17.8/29', 216, 'LRI', 1),
(118, 'HM0010000010267', 'Cuivre', '2', NULL, '77.128.234.40/29', 258, 'LTO', 1),
(119, 'HM0010000010273', 'Cuivre', '2', NULL, '77.129.3.120/30', 67, 'LUV', 1),
(120, 'HM0010000010271', 'Cuivre', '2', NULL, '77.129.3.124/30', 67, 'LUV', 1),
(121, 'HM0010000010453', 'Cuivre', '4', NULL, '77.129.3.128/30', 133, 'LUV', 1),
(122, 'HM0010000010269', 'Cuivre', '2', NULL, '77.129.3.132/30', 67, 'LUV', 1),
(123, 'HM0010000010567', 'Cuivre', '2', NULL, '77.128.249.72/30', 134, 'MCU', 1),
(124, 'HM0010000010577', 'Cuivre', '2', NULL, '77.128.249.68/30', 294, 'MTZ', 1),
(125, 'HM0010000007129', 'Cuivre', '2', NULL, '77.129.3.160/29', 55, 'MGH', 1),
(126, 'HM0010000007135', 'Cuivre', '2', NULL, '77.128.234.204/30', 128, 'MGI', 1),
(127, 'HM0010000007131', 'Cuivre', '2', NULL, '77.128.234.208/30', 73, 'MGI', 1),
(128, 'HM0010000007137', 'Cuivre', '2', NULL, '77.128.234.212/30', 124, 'MGI', 1),
(129, 'HM0010000007133', 'Cuivre', '2', NULL, '77.128.234.216/30', 128, 'MGI', 1),
(130, 'HM0010000007139', 'Cuivre', '2', NULL, '77.129.17.176/29', 284, 'MHG', 1),
(131, 'HM0010000007139', 'Cuivre', '2', NULL, '77.129.17.176/29', 164, 'MHG', 1),
(132, 'HM0010000007141', 'Cuivre', '2', NULL, '77.128.249.248/29', 148, 'MLH', 1),
(133, 'HM0010000012356', 'Cuivre', '2', NULL, '77.128.234.144/30', 152, 'MLY', 1),
(134, 'HM0010000007143', 'Cuivre', '2', NULL, '77.128.234.148/30', 293, 'MLY', 1),
(135, 'HM0010000007265', 'Cuivre', '2', NULL, '77.128.234.152/30', 292, 'MLY', 1),
(136, 'HM0010000007271', 'Cuivre', '2', NULL, '77.128.234.156/30', 161, 'MLY', 1),
(137, 'HM0010000010283', 'Cuivre', '2', NULL, '77.128.234.224/30', 58, 'MMD', 1),
(138, 'HM0010000010281', 'Cuivre', '2', NULL, '77.128.234.228/30', 58, 'MMD', 1),
(139, 'HM0010000007145', 'Cuivre', '2', NULL, '77.128.234.236/30', 223, 'MMD', 1),
(140, 'HM0010000007147', 'Cuivre', '2', NULL, '77.128.234.240/30', 223, 'MMD', 1),
(141, 'HM0010000007149', 'Cuivre', '2', NULL, '77.128.234.244/30', 223, 'MMD', 1),
(142, '9805413', 'Cuivre', '4', NULL, '77.129.206.76/30', 58, 'MMD', 1),
(143, '9805453', 'Cuivre', '4', NULL, '77.129.206.80/30', 58, 'MMD', 1),
(144, '9805469', 'Cuivre', '4', NULL, '77.129.206.84/30', 223, 'MMD', 1),
(145, 'HM0010000007153', 'Cuivre', '2', NULL, '77.128.234.80/29', 218, 'MMG', 1),
(146, 'HM0010000007151', 'Cuivre', '2', NULL, '77.128.234.88/30', 200, 'MMG', 1),
(147, 'HM0010000007155', 'Cuivre', '2', NULL, '77.128.234.192/30', 284, 'MML', 1),
(148, 'HM0010000010287', 'Cuivre', '4', NULL, '77.128.234.168/30', 189, 'MMN', 1),
(149, 'HM0010000010287', 'Cuivre', '4', NULL, '77.128.234.168/30', 141, 'MMN', 1),
(150, 'HM0010000007157', 'Cuivre', '2', NULL, '77.128.234.172/30', 182, 'MMN', 1),
(151, 'HM0010000007159', 'Cuivre', '2', NULL, '77.128.234.176/30', 152, 'MMN', 1),
(152, 'HM0010000007165', 'Cuivre', '2', NULL, '77.128.234.180/30', 288, 'MMN', 1),
(153, '9805353', 'Cuivre', '8', NULL, '77.129.206.64/30', 288, 'MMN', 1),
(154, 'HM0010000069051', '4G', '4G', NULL, '77.129.180.160/29', 119, 'MMN', 1),
(155, 'HM0010000069053', '4G', '4G', NULL, '93.30.13.56/30', 121, 'MMN', 1),
(156, 'HM0010000007267', 'Cuivre', '2', NULL, '77.128.234.200/30', 86, 'MMR', 1),
(157, '9805362', 'Cuivre', '4', NULL, '77.129.206.68/30', 86, 'MMR', 1),
(158, 'HM0010000010289', 'Cuivre', '2', NULL, '77.128.249.104/29', 148, 'MNF', 1),
(159, 'HM0010000010291', 'Cuivre', '2', NULL, '77.129.17.120/29', 192, 'MNF', 1),
(160, 'HM0010000010571', 'Cuivre', '2', NULL, '77.128.244.88/30', 223, 'MRL', 1),
(161, 'HM0010000007171', 'Cuivre', '2', NULL, '77.129.3.152/30', 21, 'MRN', 1),
(162, 'HM0010000010573', 'Cuivre', '2', NULL, '77.128.249.32/30', 47, 'MSR', 1),
(163, 'HM0010000007179', 'Cuivre', '2', NULL, '77.129.3.156/30', 279, 'MUY', 1),
(164, 'HM0010000007173', 'Cuivre', '2', NULL, '77.129.3.172/30', 55, 'MUY', 1),
(165, 'HM0010000007175', 'Cuivre', '2', NULL, '77.129.3.176/30', 55, 'MUY', 1),
(166, '9484873', 'Cuivre', '2', NULL, '77.128.234.8/30', 245, 'MZA', 1),
(167, '9808777', 'Cuivre', '8', NULL, '77.129.206.182/30', 272, 'MZA', 1),
(168, 'HM0010000010585', 'Cuivre', '2', NULL, '77.128.244.104/30', 182, 'MZC', 1),
(169, 'HM0010000010583', 'Cuivre', '2', NULL, '77.128.244.92/30', 157, 'MZC', 1),
(170, 'HM0010000010581', 'Cuivre', '2', NULL, '77.128.244.96/29', 22, 'MZC', 1),
(171, 'HM0010000010587', 'Cuivre', '2', NULL, '77.128.244.120/30', 248, 'MZE', 1),
(172, '9808757', 'Cuivre', '4', NULL, '77.129.206.172/30', 248, 'MZE', 1),
(173, '9218262', 'Cuivre', '2', NULL, '77.128.249.80/29', 193, 'MZN', 1),
(174, 'HM0010000010589', 'Cuivre', '2', NULL, '77.128.249.88/30', 148, 'MZN', 1),
(175, '9808813', 'Cuivre', '4', NULL, '77.129.206.190/30', 148, 'MZN', 1),
(176, '9808787', 'Cuivre', '4', NULL, '77.129.206.186/30\n77.128.249.80/29', 193, 'MZN', 1),
(177, 'HM0010000010591', 'Cuivre', '2', NULL, '77.128.244.116/30', 86, 'MZW', 1),
(178, 'HM0010000007181', 'Cuivre', '2', NULL, '77.129.3.240/30', 136, 'NRS', 1),
(179, 'HM0010000010295', 'Cuivre', '4', NULL, '77.128.249.220/30', 222, 'NYD', 1),
(180, 'HM0010000010293', 'Cuivre', '4', NULL, '77.128.249.224/30', 175, 'NYD', 1),
(181, 'HM0010000010297', 'Cuivre', '2', NULL, '77.128.244.124/30', 150, 'NYH', 1),
(182, 'HM0010000010301', 'Cuivre', '2', NULL, '77.128.244.128/30', 183, 'NYH', 1),
(183, 'HM0010000010299', 'Cuivre', '2', NULL, '77.128.244.132/30', 148, 'NYH', 1),
(184, 'HM0010000032777', 'Cuivre', '4', NULL, '77.128.249.12/30', 149, 'NYH', 1),
(185, '9806045', 'Cuivre', '8', NULL, '77.129.206.144/30', 183, 'NYH', 1),
(186, 'HM0010000010309', 'Cuivre', '4', NULL, '77.128.244.136/30', 216, 'NYL', 1),
(187, 'HM0010000010307', 'Cuivre', '4', NULL, '77.128.244.140/30', 214, 'NYL', 1),
(188, 'HM0010000010457', 'Cuivre', '4', NULL, '77.128.244.144/30', 152, 'NYL', 1),
(189, 'HM0010000010303', 'Cuivre', '4', NULL, '77.128.244.148/30', 137, 'NYL', 1),
(190, 'HM0010000010305', 'Cuivre', '4', NULL, '77.128.244.152/30', 142, 'NYL', 1),
(191, '9806065', 'Cuivre', '8', NULL, '77.129.206.148/30', 152, 'NYL', 1),
(192, 'HM0010000047767', 'Cuivre', '8', NULL, '77.129.206.148/30', 152, 'NYL', 1),
(193, 'HM0010000007193', 'Cuivre', '1', NULL, '77.128.249.168/29', 68, 'OBF', 1),
(194, 'HM0010000007195', 'Cuivre', '1', NULL, '77.128.249.176/29', 68, 'OBF', 1),
(195, 'HM0010000007201', 'Cuivre', '1', NULL, '77.128.249.184/29', 163, 'OBF', 1),
(196, 'HM0010000007189', 'Cuivre', '1', NULL, '77.128.249.192/29', 35, 'OBF', 1),
(197, 'HM0010000007185', 'Cuivre', '1', NULL, '77.128.249.200/29', 31, 'OBF', 1),
(198, 'HM0010000007183', 'Cuivre', '1', NULL, '77.128.249.208/29', 31, 'OBF', 1),
(199, 'HM0010000007127', 'Cuivre', '1', NULL, '77.129.206.16/29', 279, 'OBF', 1),
(200, 'HM0010000007191', 'Cuivre', '1', NULL, '77.129.206.24/29', 35, 'OBF', 1),
(201, 'HM0010000007273', 'Cuivre', '1', NULL, '77.129.206.8/29', 35, 'OBF', 1),
(202, '9218102', 'Cuivre', '4', NULL, '77.128.234.16/30', 167, 'OGS', 1),
(203, 'HM0010000010313', 'Cuivre', '1', NULL, '77.128.244.212/30', 9, 'PBG', 1),
(204, 'HM0010000010319', 'Cuivre', '1', NULL, '77.128.244.216/30', 19, 'PBG', 1),
(205, 'HM0010000010317', 'Cuivre', '1', NULL, '77.128.244.220/30', 19, 'PBG', 1),
(206, 'HM0010000010321', 'Cuivre', '1', NULL, '77.128.244.224/30', 279, 'PBG', 1),
(207, 'HM0010000010315', 'Cuivre', '1', NULL, '77.128.244.228/30', 19, 'PBG', 1),
(208, 'HM0010000010311', 'Cuivre', '1', NULL, '77.128.244.232/30', 294, 'PBG', 1),
(209, 'HM0010000010323', 'Cuivre', '4', NULL, '77.128.244.40/30', 148, 'RCO', 1),
(210, 'HM0010000007207', 'Cuivre', '2', NULL, '77.128.244.172/30', 194, 'RYP', 1),
(211, 'HM0010000007211', 'Cuivre', '4', NULL, '77.128.244.248/29', 112, 'SBB', 1),
(212, 'HM0010000007275', 'Cuivre', '4', NULL, '77.128.249.0/29', 192, 'SBB', 1),
(213, 'HM0010000007209', 'Cuivre', '4', NULL, '77.129.206.0/29', 89, 'SBB', 1),
(214, 'HM0010000047081', 'Cuivre', '4', NULL, '77.129.206.208/30', 249, 'SBL', 1),
(215, 'HM0010000007123', 'Cuivre', '2', NULL, '77.128.249.24/29', 122, 'SBP', 1),
(216, '9796212', 'Cuivre', '4', NULL, '77.128.249.232/30', 122, 'SBP', 1),
(217, 'HM0010000007215', 'Cuivre', '2', NULL, '77.128.249.16/29', 216, 'SBT', 1),
(218, 'HM0010000007219', 'Cuivre', '4', NULL, '77.128.244.236/30', 152, 'SGD', 1),
(219, 'HM0010000007219', 'Cuivre', '4', NULL, '77.128.244.236/30', 165, 'SGD', 1),
(220, 'HM0010000007221', 'Cuivre', '2', NULL, '77.128.244.240/29', 139, 'SGN', 1),
(221, 'HM0010000007223', 'Cuivre', '2', NULL, '77.128.249.8/30', 150, 'SGS', 1),
(222, '9796154', 'Cuivre', '4', NULL, '77.128.249.228/30', 150, 'SGS', 1),
(223, 'HM0010000032779', 'Cuivre', '3', NULL, '77.128.249.36/30', 170, 'SGZ', 1),
(224, '9218253', 'Cuivre', '2', NULL, '77.128.244.8/30', 49, 'SMA', 1),
(225, 'HM0010000007281', 'Cuivre', '2', NULL, '77.129.206.48/29', 265, 'SMA', 1),
(226, 'HM0010000007239', 'Cuivre', '2', NULL, '77.128.244.184/30', 76, 'SMO', 1),
(227, 'HM0010000007237', 'Cuivre', '2', NULL, '77.128.244.188/30', 76, 'SMO', 1),
(228, 'HM0010000007235', 'Cuivre', '2', NULL, '77.128.244.192/30', 76, 'SMO', 1),
(229, 'HM0010000007231', 'Cuivre', '2', NULL, '77.128.244.196/30', 76, 'SMO', 1),
(230, 'HM0010000007233', 'Cuivre', '2', NULL, '77.128.244.200/30', 76, 'SMO', 1),
(231, 'HM0010000007241', 'Cuivre', '2', NULL, '77.128.244.204/30', 76, 'SMO', 1),
(232, 'HM0010000010325', 'Cuivre', '2', NULL, '77.129.3.144/30', 20, 'SOB', 1),
(233, 'HM0010000010327', 'Cuivre', '2', NULL, '77.129.3.148/30', 20, 'SOK', 1),
(234, 'HM0010000010329', 'Cuivre', '2', NULL, '77.128.244.44/30', 194, 'SPY', 1),
(235, '9218121', 'Cuivre', '2', NULL, '77.128.234.248/30', 49, 'SRA', 1),
(236, 'HM0010000010331', 'Cuivre', '2', NULL, '77.129.3.140/30', 20, 'SRG', 1),
(237, 'HM0010000010337', 'Cuivre', '2', NULL, '77.128.234.24/30', 231, 'SSN', 1),
(238, 'HM0010000010335', 'Cuivre', '2', NULL, '77.128.234.68/30', 131, 'SSN', 1),
(239, 'HM0010000010459', 'Cuivre', '2', NULL, '77.128.234.72/30', 131, 'SSN', 1),
(240, 'HM0010000010339', 'Cuivre', '2', NULL, '77.128.234.76/30', 232, 'SSN', 1),
(241, 'HM0010000010333', 'Cuivre', '4', NULL, '77.128.234.64/30', 131, 'SSN (SEC)', 1),
(242, 'HM0010000010345', 'Cuivre', '2', NULL, '77.128.234.252/30', 221, 'SSP', 1),
(243, 'HM0010000010343', 'Cuivre', '2', NULL, '77.128.244.0/30', 5, 'SSP', 1),
(244, 'HM0010000010341', 'Cuivre', '2', NULL, '77.128.244.4/30', 5, 'SSP', 1),
(245, 'HM0010000007245', 'Cuivre', '2', NULL, '77.128.244.168/30', 199, 'STD', 1),
(246, 'HM0010000007245', 'Cuivre', '2', NULL, '77.128.244.168/30', 100, 'STD', 1),
(247, 'HM0010000007249', 'Cuivre', '2', NULL, '77.128.244.24/30', 114, 'SUI', 1),
(248, 'HM0010000007247', 'Cuivre', '2', NULL, '77.128.244.28/30', 250, 'SUI', 1),
(249, 'HM0010000010347', 'Cuivre', '2', NULL, '77.128.244.32/30', 148, 'TCR', 1),
(250, 'HM0010000010349', 'Cuivre', '2', NULL, '77.128.244.36/30', 192, 'TCR', 1),
(251, 'HM0010000010351', 'Cuivre', '2', NULL, '77.128.244.156/30', 62, 'TFR', 1),
(252, 'HM0010000010353', 'Cuivre', '2', NULL, '77.128.244.160/30', 62, 'TFR', 1),
(253, 'HM0010000010359', 'Cuivre', '2', NULL, '77.129.3.104/30', 223, 'TLD', 1),
(254, 'HM0010000010593', 'Cuivre', '2', NULL, '77.128.244.76/30', 50, 'TVE', 1),
(255, '9806103', 'Cuivre', '4', NULL, '77.129.206.160/30', 50, 'TVE', 1),
(256, 'HM0010000010595', 'Cuivre', '2', NULL, '77.129.3.228/30', 16, 'VDN', 1),
(257, '9808816', 'Cuivre', '8', NULL, '77.129.206.194/30', 16, 'VDN', 1),
(258, 'HM0010000010365', 'Cuivre', '2', NULL, '77.129.3.0/29', 7, 'VDO', 1),
(259, 'HM0010000010597', 'Cuivre', '2', NULL, '77.128.234.4/30', 21, 'VDR', 1),
(260, 'HM0010000010615', 'Cuivre', '4', NULL, '77.128.234.0/30', 294, 'VGR', 1),
(261, 'HM0010000010615', 'Cuivre', '4', NULL, '77.128.234.0/30', 192, 'VGR', 1),
(262, 'HM0010000058151', 'Cuivre', '', NULL, '77.129.206.212/30', 148, 'VST', 1),
(263, 'HM0010000032783', 'Cuivre', '2', NULL, '77.128.249.148/30', 211, 'VYE', 1),
(264, 'HM0010000058153', 'Cuivre', '', NULL, '77.129.206.224/30', 211, 'VYE', 1),
(265, 'HM0010000003141', 'Fibre', '50', NULL, '77.129.180.0/29', 108, 'CCN', 1),
(266, 'HM0010000040791', 'Fibre', '20', NULL, '77.129.180.128/29', 200, 'CTA', 1),
(267, 'HM0010000013702', 'Fibre', '20', NULL, '77.129.180.88/29', 48, 'ESU', 1),
(268, 'HM0010000058011', 'Fibre', '20', NULL, '77.129.180.136/29', 282, 'LPI', 1),
(269, 'HM0010000031753', 'Fibre', '20', NULL, '77.129.180.56/29', 101, 'LXL', 1),
(270, 'HM0010000003143', 'Fibre', '20', NULL, '77.129.180.8/29', 108, 'MEX', 1),
(271, 'HM0010000003259', 'Fibre', '20', NULL, '77.129.180.40/29', 55, 'MGH', 1),
(272, 'HM0010000002957', 'Fibre', '20', NULL, '77.129.180.24/29', 225, 'MHI', 1),
(273, 'HM0010000069391', 'Fibre', '20', NULL, '77.129.180.152/29', 120, 'MLY', 1),
(274, 'HM0010000065699', 'Fibre', '100', NULL, '77.129.180.160/29', 118, 'MMN', 1),
(275, 'HM0010000013706', 'Fibre', '20', NULL, '77.129.180.104/29', 223, 'MTZ', 1),
(276, 'HM0010000013706', 'Fibre', '20', NULL, '77.129.180.104/29', 155, 'MTZ', 1),
(277, 'HM0010000013706', 'Fibre', '20', NULL, '77.129.180.104/29', 189, 'MTZ', 1),
(278, '0000000010288625', 'Fibre', '20', NULL, '77.129.180.168/29', 258, 'MZC', 1),
(279, 'HM0010000003145', 'Fibre', '20', NULL, '77.129.180.32/29', 102, 'NYO', 1),
(280, 'HM0010000013708', 'Fibre', '100', NULL, '77.129.180.96/29', 120, 'OBF', 1),
(281, 'HM0010000013710', 'Fibre', '20', NULL, '77.129.180.72/29', 18, 'PBG', 1),
(282, 'HM0010000013712', 'Fibre', '100', NULL, '77.129.180.80/29', 172, 'SAS', 1),
(283, 'HM0010000012178', 'Fibre', '100', NULL, '77.129.180.112/28', 139, 'SGN', 1),
(284, 'HM0010000069175', 'Fibre', '20', NULL, '77.129.180.176/29', 76, 'SMO', 1),
(285, 'HM0010000013714', 'Fibre', '20', NULL, '77.129.180.64/29', 100, 'STD', 1),
(286, 'HM0010000003655', 'Fibre', '50', NULL, '77.129.180.48/29', 228, 'AUN', 1);

-- --------------------------------------------------------

--
-- Tabellenstruktur für Tabelle `modip`
--

DROP TABLE IF EXISTS `modip`;
CREATE TABLE IF NOT EXISTS `modip` (
  `Id_modip` int(11) NOT NULL AUTO_INCREMENT,
  `Numero_DECLIC` varchar(20) DEFAULT NULL,
  `Classement_DL` varchar(11) DEFAULT NULL,
  `Priorite_DECLIC` varchar(10) DEFAULT NULL,
  `Trigramme` varchar(5) DEFAULT NULL,
  `Classification_Site` varchar(10) DEFAULT NULL,
  `Organisme` varchar(255) DEFAULT NULL,
  `Classification_Operation` varchar(11) DEFAULT NULL,
  `Cout` varchar(10) DEFAULT NULL,
  `Description` varchar(300) DEFAULT NULL,
  `Categorie` varchar(10) DEFAULT NULL,
  `Type` varchar(20) DEFAULT NULL,
  `reno_avant` varchar(10) DEFAULT NULL,
  `reno_apres` varchar(10) DEFAULT NULL,
  `Annee_Coeur_av_tvx` varchar(10) DEFAULT NULL,
  `Annee_reno_coeur` varchar(10) DEFAULT NULL,
  `Annee` varchar(10) DEFAULT NULL,
  `Semestre` varchar(10) DEFAULT NULL,
  `Etat` tinyint(1) DEFAULT NULL,
  `N_ASAP` varchar(30) DEFAULT NULL,
  `Numero_rang` varchar(10) DEFAULT NULL,
  `Description_Service` varchar(255) DEFAULT NULL,
  `Montant_FEB` varchar(10) DEFAULT NULL,
  `Date_retour_DTS` varchar(10) DEFAULT NULL,
  `Point_de_situation` varchar(255) DEFAULT NULL,
  PRIMARY KEY (`Id_modip`)
) ENGINE=InnoDB AUTO_INCREMENT=115 DEFAULT CHARSET=utf8;

--
-- Daten für Tabelle `modip`
--

INSERT INTO `modip` (`Id_modip`, `Numero_DECLIC`, `Classement_DL`, `Priorite_DECLIC`, `Trigramme`, `Classification_Site`, `Organisme`, `Classification_Operation`, `Cout`, `Description`, `Categorie`, `Type`, `reno_avant`, `reno_apres`, `Annee_Coeur_av_tvx`, `Annee_reno_coeur`, `Annee`, `Semestre`, `Etat`, `N_ASAP`, `Numero_rang`, `Description_Service`, `Montant_FEB`, `Date_retour_DTS`, `Point_de_situation`) VALUES
(1, 'PDC-2017-0634/01', NULL, NULL, 'AUC', '0', 'ANNEXE LYCEE MILITAIRE', '0', '120348,83', 'Remplacement du cœur.\n Changement des EAR.\n Reprise du federateur.\n Integration de la telephonie\nReprise VRD', NULL, 'UG', NULL, '1', '2017', NULL, '2017', 'S1', 0, NULL, NULL, NULL, NULL, NULL, NULL),
(2, 'PDC-2017-0634/02', NULL, NULL, NULL, '0', '', '0', '5670,98', 'Remplacement EAR', NULL, 'UG', NULL, NULL, NULL, NULL, '2017', 'S1', 0, NULL, NULL, NULL, NULL, NULL, NULL),
(3, 'PDC-2017-0634/03', NULL, NULL, 'MHM', '0', 'BFA Mullheim (100% FR)', '0', '83987,11', 'RESO ECO\nRemplacement du cœur. \nChangement des EAR. \nRenovation integrale reseau passif\n', NULL, 'UG', NULL, '0,8', '2017', NULL, '2017', 'S2', 0, NULL, NULL, NULL, NULL, NULL, NULL),
(4, 'PDC-2017-2139/02', NULL, NULL, 'CRW', '3', '152 RI  - INFRA 152 RI', '3', '278444,71', '2ème phase: \nConformite du federateur\nConformite câblage bâtiments', NULL, 'ND', NULL, '1', 'Oui', NULL, '2017', 'S2', 0, NULL, NULL, NULL, NULL, NULL, NULL),
(5, 'PDC-2017-0634/18', NULL, NULL, 'LFG', '0', '1er RA - 6ème RMAT', '0', '104903,57', '2ème phase: \nConformite câblage bâtiments', NULL, 'UG', NULL, '1', 'Oui', NULL, '2017', 'S2', 0, NULL, NULL, NULL, NULL, NULL, NULL),
(6, 'PDC-2017-0634/18', NULL, NULL, 'LFG', '0', 'COM. CFT', '0', '104903,57', '2ème phase: \nConformite câblage bâtiments', NULL, 'UG', NULL, '1', 'Oui', NULL, '2017', 'S2', 0, NULL, NULL, NULL, NULL, NULL, NULL),
(7, 'PDC-2017-0634/04', NULL, NULL, 'LEX', '0', '53 RT', '0', '320100,24', '\nChangement des EAR. \n', NULL, 'UG', NULL, '1', 'Oui', NULL, '2017', 'S1', 0, NULL, NULL, NULL, NULL, NULL, NULL),
(8, 'PDC-2017-0634/05', NULL, NULL, 'LUN', '0', '61 RA - INFRA 61 RA', '0', '323832,34', 'Remplacement du cœur. \nChangement des EAR. \nReprise du federateur. \nConformite câblage bâtiments', NULL, 'UG', NULL, '0,8', '2017', NULL, '2017', 'S1', 0, NULL, NULL, NULL, NULL, NULL, NULL),
(9, 'PDC-2017-0634/06', NULL, NULL, 'SMO', '0', 'PDM / PMAS', '0', '783628,04', 'RAF 2014\nChangement des EAR. \nReprise du federateur. \nIntegration de la telephonie', NULL, 'UG', NULL, '0,8', 'Oui', NULL, '2017', 'S1', 0, NULL, NULL, NULL, NULL, NULL, NULL),
(10, 'PDC-2017-2139/01', NULL, NULL, 'LET', '0', '', '0', '42677,68', 'Remplacement du cœur RZO', NULL, 'UG', NULL, '0,8', '2017', NULL, '2017', 'S2', 0, NULL, NULL, NULL, NULL, NULL, NULL),
(11, 'PDC-2017-0634/09', NULL, NULL, NULL, '0', '13 RG + Camps', '0', '62795,35', 'MOI', NULL, 'UG', NULL, NULL, NULL, NULL, '2017', 'S1', 0, NULL, NULL, NULL, NULL, NULL, NULL),
(12, 'PDC-2017-0634/07', NULL, NULL, 'VDO', '0', 'BA 132 - Bureau logement - SRX - RMT', '0', '330165', '2ème phase: \nConformite câblage bâtiments', NULL, 'UG', NULL, '1', 'Oui', NULL, '2017', 'S1', 0, NULL, NULL, NULL, NULL, NULL, NULL),
(13, 'PDC-2017-0634/07', NULL, NULL, 'VDO', '0', 'CIEC-SLI-DL ASA-PSCR-SV-CENZUB', '0', '330165', '2ème phase: \nConformite câblage bâtiments', NULL, 'UG', NULL, '1', 'Oui', NULL, '2017', 'S1', 0, NULL, NULL, NULL, NULL, NULL, NULL),
(14, 'PDC-2018-0353/02', NULL, NULL, 'CRM', '7', '511 RT ZT', '7', '#REF!', '2ème phase: \nConformité câblage bâtiments', NULL, 'CS', NULL, '1', 'Oui', '2018', '2018', 'S1', 0, NULL, NULL, NULL, NULL, NULL, NULL),
(15, 'PDC-2018-0353/02', NULL, NULL, 'CRM', '7', 'DET 6 RMAT', '7', '#REF!', '2ème phase: \nConformité câblage bâtiments', NULL, 'CS', NULL, '1', 'Oui', '2018', '2018', 'S1', 0, NULL, NULL, NULL, NULL, NULL, NULL),
(16, 'PDC-2018-0353/02', NULL, NULL, 'CRM', '7', '16BC DetSIC CIRISI - EXERCICE - CFIM BRENS - USID', '7', '#REF!', '2ème phase: \nConformité câblage bâtiments', NULL, 'CS', NULL, '1', 'Oui', '2018', '2018', 'S1', 0, NULL, NULL, NULL, NULL, NULL, NULL),
(17, 'PDC-2018-0353/03', NULL, NULL, 'SSN', '0', 'BPIA CHALON SUR SAONE', '0', '425026,84', 'Changement des EAR.\n Reprise de la desserte\n Intégration de la téléphonie\nConformité câblage bâtiments', NULL, 'UG', NULL, '1', 'Oui', '2018', '2018', 'S2', 0, NULL, NULL, NULL, NULL, NULL, NULL),
(18, 'PDC-2018-0353/03', NULL, NULL, 'SSN', '0', '', '0', '425026,84', 'Changement des EAR.\n Reprise de la desserte\n Intégration de la téléphonie\nConformité câblage bâtiments', NULL, 'UG', NULL, '1', 'Oui', '2018', '2018', 'S2', 0, NULL, NULL, NULL, NULL, NULL, NULL),
(19, 'PDC-2018-0353/03', NULL, NULL, 'SSN', '0', 'CIRFA - DIST SOC - BICM - DELPIA - DSN', '0', '425026,84', 'Changement des EAR.\n Reprise de la desserte\n Intégration de la téléphonie\nConformité câblage bâtiments', NULL, 'UG', NULL, '1', 'Oui', '2018', '2018', 'S2', 0, NULL, NULL, NULL, NULL, NULL, NULL),
(20, 'PDC-2018-0353/03', NULL, NULL, 'SSN', '0', '511 RT MDR - CMA - GSBDD/SSV', '0', '425026,84', 'Changement des EAR.\n Reprise de la desserte\n Intégration de la téléphonie\nConformité câblage bâtiments', NULL, 'UG', NULL, '1', 'Oui', '2018', '2018', 'S2', 0, NULL, NULL, NULL, NULL, NULL, NULL),
(21, 'PDC-2018-0353/03', NULL, NULL, 'SSN', '0', '511 RT', '0', '425026,84', 'Changement des EAR.\n Reprise de la desserte\n Intégration de la téléphonie\nConformité câblage bâtiments', NULL, 'UG', NULL, '1', 'Oui', '2018', '2018', 'S2', 0, NULL, NULL, NULL, NULL, NULL, NULL),
(22, 'PDC-2018-0353/04', NULL, NULL, NULL, '0', 'ERSA', '0', '147306,78', 'Remplacement cœur de rso\nChangement des commutateurs d\'accès\nConformité du fédérateur\nConformité câblage bâtiments', NULL, 'UG', NULL, '1', '2018', '2018', '2018', 'S1', 0, NULL, NULL, NULL, NULL, NULL, NULL),
(23, 'PDC-2018-0353/05', NULL, NULL, 'GSE', '0', 'CFT - CIRISI - BAT 22', '0', '191069,7', '2ème phase: \nConformité câblage bâtiments', NULL, 'UG', NULL, '1', 'Oui', '2018', '2018', 'S1', 0, NULL, NULL, NULL, NULL, NULL, NULL),
(24, 'PDC-2018-0353/06', NULL, NULL, 'BHE', '0', '', '0', '112977,77', 'Bitche camp: Remplacement cœur de rso\nChangement des commutateurs d\'accès\nConformité du fédérateur\nConformité câblage bâtiments', NULL, 'UG', NULL, '1', '2018', '2018', '2018', 'S2', 0, NULL, NULL, NULL, NULL, NULL, NULL),
(25, 'PDC-2018-0353/14', NULL, NULL, 'BCS', '0', 'CSV', '0', '651328,12', 'Changement EAR\nconformité du fédérateur\nreprise du cœur de réseau', NULL, 'UG', NULL, '1', '2018', '2018', '2018', 'S2', 0, NULL, NULL, NULL, NULL, NULL, NULL),
(26, 'PDC-2018-0353/17', NULL, NULL, NULL, '0', 'USID', '0', '79000', NULL, NULL, 'UG', NULL, NULL, NULL, NULL, '2018', NULL, 0, NULL, NULL, NULL, NULL, NULL, NULL),
(27, 'PDC-2019-1321/01', '3', NULL, 'NYH', '0', '516 RTRN - INFRA 516 RTRN', '0', '782111,64', 'Remplacement cœur de rso - Changement des commutateurs d\'accès - Conformité du fédérateur - Conformité câblage bâtiments', NULL, 'UG', NULL, '1', '2019', NULL, '2019', 'S1', 0, '16-001', '190015', 'PDCA2019_MTZ_UG_NANCY_THIRY', '782112', NULL, 'Fin des travaux estimés octobre 2020 suite COVID'),
(28, 'PDC-2019-1321/02', '2', NULL, NULL, '0', 'CIAS - GSBDD', '0', '69249,49', 'Remplacement cœur de rso - Changement des commutateurs d\'accès - Conformité du fédérateur - Conformité câblage bâtiments', NULL, 'UG', NULL, '1', '2019', NULL, '2019', 'S1', 0, '19-002', '190016', 'PDCA2019_MTZ_UG_AUXONNE_MAREY MONGE', '69249', NULL, 'Report de délai de livraison accordé jusqu\'au 30 novembre 2020'),
(29, 'PDC-2019-1321/03', '1', NULL, NULL, '0', '1 RTIR - INFRA 1 RTIR - 1 RMAT DET', '0', '741203,72', 'Remplacement cœur de rso - Changement des commutateurs d\'accès - Conformité du fédérateur - Conformité câblage bâtiments', NULL, 'UG', NULL, '1', '2019', NULL, '2019', 'S1', 0, '17-035', '190065', 'PDCA2019_MTZ_UG_AUXONNE - MAREY_MONGE_UG', '741204', NULL, 'Report de délai de livraison accordé jusqu\'au 30 novembre 2020'),
(30, 'PDC-2019-1321/05', '6', NULL, 'MCU', '0', 'compagnie du 8° RMAT', '0', '181431,29', 'Sécuristation - Remplacement du cœur - Changement des EAR - Reprise du fédérateur\n', NULL, 'UG', NULL, '1', '2019', NULL, '2019', 'S1', 0, '17-036', '190817', 'PDCA2019_MTZ_UG_MAROLLES', '181431', NULL, 'Travaux en cours, demande de report envoyée à ITNI'),
(31, 'PDC-2019-1321/08', '7', NULL, 'LLK', '0', 'CIRFA - DMD 88', '0', '303565,27', 'Changement des EAR - Reprise desserte - BAT 22', NULL, 'UG', NULL, '1', '2019', NULL, '2019', 'S1', 0, '17-126', '190859', 'PDCA2019_MTZ_UG_LILLE - KLEBER BAT22', '303565', NULL, 'Reprise des travaux le 08/06. MOM estimée pour la S28'),
(32, 'PDC-2019-1321/12', '4', NULL, NULL, '0', '', '0', '60000', 'AMOA Allemagne', NULL, 'UG', NULL, NULL, '2019', NULL, '2019', NULL, 0, NULL, NULL, NULL, NULL, NULL, NULL),
(33, 'PDC-2019-1321/13', NULL, NULL, 'VDC', '0', 'CIRISI BDD EG - SRICM Est', '0', '155741,08', NULL, NULL, 'UG', NULL, '1', '2019', NULL, '2019', 'S2', 0, '18-082', '190560', 'PDCA2019_MTZ_UG_VALDUC', '155741', NULL, 'MOM le 05/06/2020'),
(34, 'PDC-2019-1321/14', NULL, NULL, 'LRI', '0', 'GRS - ASA - BAP - BIL - BEP - Mutuelle civile', '0', '288526,46', NULL, NULL, 'UG', NULL, '1', '2019', NULL, '2019', 'S2', 0, '17-239', '190558', 'PDCA2019_MTZ_UG_LILLE_REDUIT', '288526', NULL, 'MOM le 18/06/2020'),
(35, 'PDC-2020-0860/29', '1', 'P1', 'TLF', '0', 'Sémaphore', '0', '1203176,65', 'Remplacement du cœur - Changement des EAR - Reprise du fédérateur - Conformité câblage bâtiments - Reprise VRD', NULL, 'UG', '0', '1', '2019', '2020', '2020', 'S1', 0, '17-030', NULL, 'PDCA 2020 MTZ UG TOUL ECROUVES FABVIER', '1176000', 'S9', 'RAT à commander\nDate de début de chantier à initier'),
(36, 'PDC-2020-0860/19', '2', 'P1', 'NYL', '3', 'GSBDD', '3', '100000', NULL, NULL, 'ND', '0', '1', '2012', '2020', '2020', NULL, 0, '19-132', NULL, 'PDCA 2020 MTZ ND NANCY BLANDAN', '100000', 'S18', 'Dossier transmis le 05/06 à ITNI pour SP et probocom'),
(37, 'PDC-2020-0860/20', '3', 'P1', 'EVN', '0', 'EM1D-USID-CIRISI-DMD-DRSD-CIRFA25', '0', '1000000', 'Remplacement cœur de rso\nChangement des EAR\nConformité du fédérateur\nConformité câblage bâtiments', NULL, 'UG', '0', '1', NULL, '2020', '2020', NULL, 0, '19-131', NULL, 'PDCA 2020 MTZ UG EPINAL VARAIGNE', '1000000', 'S24', 'Dossier transmis le 05/06 à ITNI pour SP et probocom'),
(38, 'PDC-2020-0860/24', '7', 'P1', 'MZW', '0', '1 RI', '0', '800000', NULL, NULL, 'UG', '0', '0,5', NULL, '2020', '2020', 'S1', 0, NULL, NULL, NULL, NULL, NULL, NULL),
(39, 'PDC-2020-0860/25', '9', 'P2', 'EPT', '0', 'Dunkerque COMAR', '0', '100000', NULL, NULL, 'UG', '0', '1', NULL, '2020', '2020', NULL, 0, NULL, NULL, NULL, NULL, NULL, NULL),
(40, 'PDC-2020-0860/30', '10', 'P1', NULL, '0', 'Sémaphore', '0', '49761,48', 'MOI BFA', NULL, 'UG', NULL, NULL, NULL, NULL, '2020', NULL, 0, NULL, NULL, 'PDCA 2020 MTZ UG MOI BFA', '50000', NULL, NULL),
(41, 'PDC-2020-0860/22', '5', NULL, 'NCY', '0', 'BATTERIES 1A7 DE PASSEY 1 ET 2 DARVAUX - AIA CF', '0', '200000', 'Renouvellement des éléments actifs', NULL, 'UG', '0', '1', NULL, NULL, '2021', NULL, 1, NULL, NULL, NULL, NULL, NULL, NULL),
(42, 'PDC-2020-0860/23', '8', 'P3', 'NYD', '0', 'CENTAC - CRE', '0', '500000', NULL, NULL, 'UG', '0', '1', NULL, '2020', '2022', 'S2', 1, NULL, NULL, NULL, NULL, NULL, NULL),
(43, NULL, '1', NULL, 'BOE', '3', 'Dépôt des essences', '0', '150000', 'Remplacement cœur de rso\nChangement des EAR\nConformité du fédérateur\nIntégration de la téléphonie', NULL, 'ND', NULL, NULL, NULL, NULL, '2021', NULL, 1, NULL, NULL, NULL, NULL, NULL, NULL),
(44, NULL, '6', NULL, NULL, NULL, 'DIRISI-CNAD-CMG-GSBDD MTZ ', NULL, '100000', 'Cercle mess', NULL, 'UG', NULL, '1', '2014', NULL, '2021', NULL, 1, NULL, NULL, NULL, NULL, NULL, NULL),
(45, NULL, '4', 'P1', 'BSN', NULL, 'GSBDD-DMD', NULL, '500000', '2ème phase : USID - PSD - CIRFA\nChangement des commutateurs d\'accès\nConformité câblage bâtiments', NULL, 'CS', NULL, '1', NULL, NULL, '2022', NULL, 1, NULL, NULL, NULL, NULL, NULL, NULL),
(46, NULL, '7', NULL, 'SOB', '0', 'GSBDD BSN- 19RG-RMAT', '0', '1200000', 'Remplacement cœur de rso\nChangement des commutateurs d\'accès\nConformité du fédérateur\nConformité câblage bâtiments', NULL, 'UG', NULL, '1', NULL, NULL, '2021', NULL, 1, NULL, NULL, NULL, NULL, NULL, NULL),
(47, NULL, '3', NULL, 'DEC', '0', '', '0', '150000', 'Remplacement cœur de rso\nChangement des EAR\nConformité du fédérateur\nIntégration de la téléphonie', NULL, 'UG', NULL, '1', NULL, NULL, '2026', NULL, 1, NULL, NULL, NULL, NULL, NULL, NULL),
(48, NULL, '2', NULL, 'DES', '0', '0', '0', '150000', 'Remplacement cœur de rso\nChangement des EAR\nConformité du fédérateur\nIntégration de la téléphonie', NULL, 'ND', NULL, '1', NULL, NULL, '2026', NULL, 1, NULL, NULL, NULL, NULL, NULL, NULL),
(49, NULL, '7', 'P1', 'TLD', '0', 'Ecole des ponts du Génie', '0', '200000', 'Remplacement cœur de rso\nChangement des commutateurs d\'accès\nConformité du fédérateur\nConformité câblage bâtiments\nGT SIC aéro ?', NULL, 'UG', NULL, '1', NULL, NULL, '2022', NULL, 1, NULL, NULL, NULL, NULL, NULL, NULL),
(50, NULL, '6', 'P1', 'MLY', '0', 'CENTRE DE TRANSMISSION CNE MEDARD - CIRISI', '0', '350000', 'Reprise BAT 14', NULL, 'UG', NULL, '1', NULL, NULL, '2017', NULL, 0, NULL, NULL, NULL, NULL, NULL, NULL),
(51, NULL, '9', NULL, 'SGH', '0', '501 RCC - BDD (ComBDD+GsBDD) - 8ème RMAT', '0', '100000', 'Remplacement cœur de rso\nChangement des commutateurs d\'accès\nConformité du fédérateur\nConformité câblage bâtiments ', NULL, 'UG', NULL, '1', NULL, NULL, '2026', NULL, 1, NULL, NULL, NULL, NULL, NULL, NULL),
(52, NULL, '2', NULL, 'MZN', '7', 'DRSD', '7', '1200000', 'Renouvellement Cœur de réseau', NULL, 'CS', NULL, '1', NULL, NULL, '2021', NULL, 1, NULL, NULL, NULL, NULL, NULL, NULL),
(53, NULL, NULL, NULL, 'BTH', '3', '1RE PRLE EST', '3', '100000', 'Rénovation bâtiment ComBDD', NULL, 'ND', NULL, '0', '2015', NULL, '2022', NULL, 1, NULL, NULL, NULL, NULL, NULL, NULL),
(54, NULL, NULL, NULL, 'BNR', '0', '40 RT', '0', '500000', 'Remplacement cœur de rso\nChangement des EAR\nConformité du fédérateur\nConformité câblage bâtiments', NULL, 'UG', NULL, '1', NULL, NULL, '2022', NULL, 1, NULL, NULL, NULL, NULL, NULL, NULL),
(55, NULL, NULL, NULL, 'MMC', '0', 'CIRISI', '0', '30000', 'Changement des EAR.\n Reprise de la desserte\n Intégration de la téléphonie\n', NULL, 'UG', NULL, '1', NULL, NULL, '2022', NULL, 1, NULL, NULL, NULL, NULL, NULL, NULL),
(56, NULL, NULL, NULL, 'MMR', '0', 'ESCAT', '0', '75000', 'Changement des EAR.\n Reprise de la desserte\n Intégration de la téléphonie\n', NULL, 'UG', NULL, '1', NULL, NULL, '2022', NULL, 1, NULL, NULL, NULL, NULL, NULL, NULL),
(57, NULL, NULL, NULL, 'TRE', '0', 'RMAT', '0', '60000', 'Remplacement cœur de rso\nChangement des commutateurs d\'accès\nConformité du fédérateur\nConformité câblage bâtiments', NULL, 'UG', NULL, '1', NULL, NULL, '2022', NULL, 1, NULL, NULL, NULL, NULL, NULL, NULL),
(58, NULL, NULL, NULL, 'SGD', '0', 'EMSD - EMIAZD - DMD57 - cabinet du gouverneur de METZ', '0', '300000', 'Remplacement cœur de rso\nChangement des commutateurs d\'accès\nConformité du fédérateur\nConformité câblage bâtiments', NULL, 'CS', NULL, '1', NULL, NULL, '2022', NULL, 1, NULL, NULL, NULL, NULL, NULL, NULL),
(59, NULL, NULL, NULL, 'MMD', '0', 'CGE - STAT', '0', '1200000', 'Remplacement du cœur.\n Changement des EAR. \nReprise du fédérateur. \nIntégration de la téléphonie. \nReprise VRD', NULL, 'UG', NULL, '0,5', NULL, NULL, '2022', NULL, 1, NULL, NULL, NULL, NULL, NULL, NULL),
(60, NULL, NULL, NULL, 'MMO', '0', '', '0', '30000', 'Changement EAR', NULL, 'UG', NULL, '1', NULL, NULL, '2022', NULL, 1, NULL, NULL, NULL, NULL, NULL, NULL),
(61, NULL, NULL, NULL, 'SBL', '0', '', '0', '100000', 'Remplacement cœur de rso\nChangement des commutateurs d\'accès\nConformité du fédérateur\nConformité câblage bâtiments', NULL, 'UG', NULL, '1', NULL, NULL, '2022', NULL, 1, NULL, NULL, NULL, NULL, NULL, NULL),
(62, NULL, NULL, NULL, 'HEG', '0', '', '0', '500000', 'Remplacement du cœur. \nChangement des EAR.\n  Reprise VRD.\n Raccordement des bâtiments isolés', NULL, 'UG', NULL, '1', NULL, NULL, '2022', NULL, 1, NULL, NULL, NULL, NULL, NULL, NULL),
(63, NULL, NULL, NULL, 'MMN', '0', '', '0', '50000', 'Changement EAR', NULL, 'UG', NULL, '1', NULL, NULL, '2022', NULL, 1, NULL, NULL, NULL, NULL, NULL, NULL),
(64, NULL, NULL, NULL, 'MMG', '0', '1 er Rch- USID-GSBDD', '0', '150000', 'Reprise fédérateur et EAR ', NULL, 'UG', NULL, '1', NULL, NULL, '2022', NULL, 1, NULL, NULL, NULL, NULL, NULL, NULL),
(65, NULL, NULL, NULL, 'MMD', '0', 'CIRISI LILLE DIVISION INTERVENTION - DET GSBDD - PRLE', '0', '800000', 'Remplacement cœur de rso - Changement des EAR - Conformité du fédérateur - Conformité câblage bâtiments', NULL, 'UG', NULL, '1', '2019', NULL, '2022', NULL, 1, NULL, NULL, NULL, NULL, NULL, NULL),
(66, NULL, NULL, NULL, 'MTZ', '7', 'Bureau de Garnison Action Sociale des armées', '7', '100000', '\nChangement des EAR du CO', NULL, 'CS', '1', NULL, NULL, NULL, '2023', NULL, 1, NULL, NULL, NULL, NULL, NULL, NULL),
(67, NULL, NULL, NULL, 'MTG', '7', 'CIEC-SLI-DL ASA-PSCR-SV-CENZUB', '7', '200000', 'Changement EAR', NULL, 'CS', NULL, '1', '2012', NULL, '2023', NULL, 1, NULL, NULL, NULL, NULL, NULL, NULL),
(68, NULL, NULL, NULL, 'MLY', '3', 'DETSIC BSN-GSBDD-USID-DMD', '3', NULL, NULL, NULL, 'ND', NULL, '0', NULL, NULL, '2023', NULL, 1, NULL, NULL, NULL, NULL, NULL, NULL),
(69, NULL, NULL, NULL, 'PTS', '7', '41 RT - det INFRA - CIR - det BDD', '7', NULL, 'Site FH', NULL, 'CS', NULL, NULL, NULL, NULL, '2023', NULL, 1, NULL, NULL, NULL, NULL, NULL, NULL),
(70, NULL, NULL, NULL, 'RYP', '7', '8 RMAT DET - ERCAT', '7', NULL, 'Site FH', NULL, 'CS', NULL, NULL, NULL, NULL, '2023', NULL, 1, NULL, NULL, NULL, NULL, NULL, NULL),
(71, NULL, NULL, NULL, 'SGN', '3', 'CMG-SYNDICATS-ASSISTANTE SOCIALE-MAITRE BOTTIER/ TAILLEUR - AUMONERIES', '3', '500000', NULL, NULL, 'ND', NULL, NULL, NULL, NULL, '2023', NULL, 1, NULL, NULL, NULL, NULL, NULL, NULL),
(72, NULL, NULL, NULL, 'VDN', '3', 'CFT - CIRISI - Det DIRISI', '3', NULL, NULL, NULL, 'ND', NULL, '0,5', '2012', NULL, '2023', NULL, 1, NULL, NULL, NULL, NULL, NULL, NULL),
(73, NULL, NULL, NULL, 'LRR', '0', 'EMIAZD - 43 RI', '0', '100000', 'Changement EAR', NULL, 'UG', NULL, '1', NULL, NULL, '2023', NULL, 1, NULL, NULL, NULL, NULL, NULL, NULL),
(74, NULL, NULL, NULL, 'HUA', '0', 'CENTAC', '0', '30000', 'Remplacement cœur de rso\nChangement des commutateurs d\'accès\nConformité du fédérateur\nConformité câblage bâtiments', NULL, 'UG', NULL, '1', NULL, NULL, '2023', NULL, 1, NULL, NULL, NULL, NULL, NULL, NULL),
(75, NULL, NULL, NULL, 'SSN', '0', '54RT - 2RH - 28GG - CPOGE', '0', '50000', 'Changement des EAR.\n Reprise de la desserte\n Intégration de la téléphonie\n', NULL, 'UG', NULL, '1', NULL, NULL, '2023', NULL, 1, NULL, NULL, NULL, NULL, NULL, NULL),
(76, NULL, NULL, NULL, 'DJN', '0', 'SECTEUR VETERINAIRE - PELETON CANIN', '0', '300000', 'Remplacement du cœur. \nChangement des EAR. \nSuite RDF', NULL, 'UG', NULL, '1', NULL, NULL, '2023', NULL, 1, NULL, NULL, NULL, NULL, NULL, NULL),
(77, NULL, NULL, NULL, 'DOU', '0', 'Cercle mixte de garnison', '0', '75000', 'Changement des EAR.\n Reprise de la desserte\n Intégration de la téléphonie\n', NULL, 'UG', NULL, '1', NULL, NULL, '2023', NULL, 1, NULL, NULL, NULL, NULL, NULL, NULL),
(78, NULL, NULL, NULL, 'DID', '0', '', '0', '100000', 'Changement des EAR.\n Reprise de la desserte\n Intégration de la téléphonie\n', NULL, 'UG', NULL, '1', NULL, NULL, '2023', NULL, 1, NULL, NULL, NULL, NULL, NULL, NULL),
(79, NULL, NULL, NULL, 'LET', '0', '', '0', '50000', 'Changement des EAR.\n Reprise de la desserte\n Intégration de la téléphonie\n', NULL, 'UG', NULL, '1', NULL, NULL, '2023', NULL, 1, NULL, NULL, NULL, NULL, NULL, NULL),
(80, NULL, NULL, NULL, 'LLK', '0', '2 BB', '0', '480000', 'Changement des EAR.\n Reprise de la desserte\n Intégration de la téléphonie\n', NULL, 'UG', NULL, '0,6', NULL, NULL, '2023', NULL, 1, NULL, NULL, NULL, NULL, NULL, NULL),
(81, NULL, NULL, NULL, 'LER', '0', '', '0', '400000', 'Remplacement du cœur.\n Changement des EAR.\n Reprise du fédérateur.\n Intégration de la téléphonie', NULL, 'UG', NULL, '1', NULL, NULL, '2023', NULL, 1, NULL, NULL, NULL, NULL, NULL, NULL),
(82, NULL, NULL, NULL, 'MYS', '0', 'Cercle mixte de garnison de la GSBDD de METZ', '0', '200000', 'Remplacement du cœur. \nChangement des EAR. ', NULL, 'UG', NULL, '0,8', NULL, NULL, '2023', NULL, 1, NULL, NULL, NULL, NULL, NULL, NULL),
(83, NULL, NULL, NULL, 'OBF', '0', 'SILT - CAMID', '0', '1200000', '54 RT: \nChangement des commutateurs d\'accès\nConformité câblage bâtiments', NULL, 'ND', NULL, '1', '2014', NULL, '2023', NULL, 1, NULL, NULL, NULL, NULL, NULL, NULL),
(84, NULL, NULL, NULL, 'SNN', '0', 'DMD CIRFA SID', '0', '10000', '\nChangement des EAR. \n', NULL, 'ND', NULL, '0,8', NULL, NULL, '2023', NULL, 1, NULL, NULL, NULL, NULL, NULL, NULL),
(85, NULL, NULL, NULL, 'SBE', '0', '25 RGA', '0', '100000', 'Remplacement cœur de rso\nChangement des commutateurs d\'accès\nConformité du fédérateur\nConformité câblage bâtiments', NULL, 'UG', NULL, '1', NULL, NULL, '2023', NULL, 1, NULL, NULL, NULL, NULL, NULL, NULL),
(86, NULL, NULL, NULL, 'SAS', '3', '', '3', '500000', NULL, NULL, 'ND', NULL, NULL, NULL, NULL, '2023', NULL, 1, NULL, NULL, NULL, NULL, NULL, NULL),
(87, NULL, NULL, NULL, 'GSN', '3', '', '3', NULL, NULL, NULL, 'ND', NULL, NULL, NULL, NULL, '2024', NULL, 1, NULL, NULL, NULL, NULL, NULL, NULL),
(88, NULL, NULL, NULL, 'IGN', '3', '', '3', NULL, NULL, NULL, 'ND', NULL, '1', '2014', NULL, '2024', NULL, 1, NULL, NULL, NULL, NULL, NULL, NULL),
(89, NULL, NULL, NULL, 'PBG', '3', 'CIRFA - DIST SOC - BICM - DSN', '3', '1000000', NULL, NULL, 'ND', NULL, '1', '2013', NULL, '2024', NULL, 1, NULL, NULL, NULL, NULL, NULL, NULL),
(90, NULL, NULL, NULL, 'TCE', '0', '3 RHC - USID - CMA - DSEA', '0', '10000', '\nChangement des EAR ', NULL, 'UG', NULL, '1', NULL, NULL, '2024', NULL, 1, NULL, NULL, NULL, NULL, NULL, NULL),
(91, NULL, NULL, NULL, 'DNN', '0', '8 RMAT', '0', '20000', '\nChangement des EAR ', NULL, 'UG', NULL, '1', NULL, NULL, '2024', NULL, 1, NULL, NULL, NULL, NULL, NULL, NULL),
(92, NULL, NULL, NULL, 'LNV', '0', 'CEB', '0', NULL, 'Remplacement cœur de rso - Changement des commutateurs d\'accès - Changement des EAR ', NULL, 'UG', NULL, NULL, NULL, NULL, '2025', NULL, 1, NULL, NULL, NULL, NULL, NULL, NULL),
(93, NULL, NULL, NULL, 'MFX', '7', 'EG - SLI', '7', NULL, NULL, NULL, 'CS', NULL, NULL, NULL, NULL, '2025', NULL, 1, NULL, NULL, NULL, NULL, NULL, NULL),
(94, NULL, NULL, NULL, 'SVE', '7', 'BDD Strasbourg', '7', NULL, NULL, NULL, 'CS', NULL, '1', '2018', NULL, '2025', NULL, 1, NULL, NULL, NULL, NULL, NULL, NULL),
(95, NULL, NULL, NULL, 'SBP', '3', 'CFIM 1BM-BTAC', '3', NULL, 'UG 100%', NULL, 'UG', NULL, '1', '2018', NULL, '2025', NULL, 1, NULL, NULL, NULL, NULL, NULL, NULL),
(96, NULL, NULL, NULL, 'CEM', '3', 'infirmerie CFIM', '3', NULL, NULL, NULL, 'ND', NULL, '0', NULL, NULL, '2025', NULL, 1, NULL, NULL, NULL, NULL, NULL, NULL),
(97, NULL, NULL, NULL, 'NYH', '3', 'DPBG/ECS - SPAC', '3', NULL, NULL, NULL, 'ND', NULL, '1', '2019', NULL, '2025', NULL, 1, NULL, NULL, NULL, NULL, NULL, NULL),
(98, NULL, NULL, NULL, 'ENR', '0', 'CSN - CEMCR', '0', '900000', 'Remplacement du cœur.\n Changement des EAR. \nReprise du fédérateur. \nIntégration de la téléphonie. \nReprise VRD', NULL, 'CS', NULL, '0,5', NULL, NULL, '2025', NULL, 1, NULL, NULL, NULL, NULL, NULL, NULL),
(99, NULL, NULL, NULL, 'MMU', '0', 'CIRFA Air', '0', '60000', 'Changement des EAR.\n Reprise de la desserte\n Intégration de la téléphonie\n', NULL, 'UG', NULL, '1', NULL, NULL, '2025', NULL, 1, NULL, NULL, NULL, NULL, NULL, NULL),
(100, NULL, NULL, NULL, 'MGI', '0', 'EGE 48.530 - 53 RTRS DET - SRX', '0', '100000', 'Remplacement du cœur. \nChangement des EAR. ', NULL, 'UG', NULL, '1', NULL, NULL, '2025', NULL, 1, NULL, NULL, NULL, NULL, NULL, NULL),
(101, NULL, NULL, NULL, 'MGE', '0', 'ESID-USID-CTAS', '0', '30000', '\nChangement des EAR. \n', NULL, 'UG', NULL, '1', NULL, NULL, '2025', NULL, 1, NULL, NULL, NULL, NULL, NULL, NULL),
(102, NULL, NULL, NULL, 'SBB', '0', 'hotellerie et Cercle mess de la GSBDD de METZ', '0', '300000', 'Remplacement cœur de rso\nChangement des commutateurs d\'accès\nConformité du fédérateur\nConformité câblage bâtiments', NULL, 'UG', NULL, '1', NULL, NULL, '2025', NULL, 1, NULL, NULL, NULL, NULL, NULL, NULL),
(103, NULL, NULL, NULL, 'DZE', '0', 'CIRFA ANT - BSN', '0', '200000', '3ème phase: \nConformité câblage bâtiments', NULL, 'UG', NULL, '1', NULL, NULL, '2025', NULL, 1, NULL, NULL, NULL, NULL, NULL, NULL),
(104, NULL, NULL, NULL, 'DZV', '0', 'CIRFA - DMD 10', '0', '80000', '2ème phase: \nChangement des commutateurs d\'accès\nConformité câblage bâtiments', NULL, 'UG', NULL, '1', NULL, NULL, '2025', NULL, 1, NULL, NULL, NULL, NULL, NULL, NULL),
(105, NULL, NULL, NULL, 'LPI', '0', 'CENZUB CAMP', '0', '20000', '\nChangement des EAR ', NULL, 'UG', NULL, '1', NULL, NULL, '2025', NULL, 1, NULL, NULL, NULL, NULL, NULL, NULL),
(106, NULL, NULL, NULL, 'LLV', '0', 'CSN - CEMCR', '0', '250000', 'Changement des EAR.\n Reprise de la desserte\n Intégration de la téléphonie\n', NULL, 'UG', NULL, '1', NULL, NULL, '2025', NULL, 1, NULL, NULL, NULL, NULL, NULL, NULL),
(107, NULL, NULL, NULL, 'LTV', '0', '149', '0', '10000', '\nChangement des EAR ', NULL, 'UG', NULL, '1', NULL, NULL, '2025', NULL, 1, NULL, NULL, NULL, NULL, NULL, NULL),
(108, NULL, NULL, NULL, 'CVS', '0', 'EGE 48.530 - 53 RTRS DET - SRX', '0', '300000', NULL, NULL, 'CS', NULL, '1', NULL, NULL, '2025', NULL, 1, NULL, NULL, NULL, NULL, NULL, NULL),
(109, 'PDC-2020-0860/21', '4', 'P3', 'MZN', '0', 'ESID-USID-CTAS', '0', '200000', 'Remplacement du cœur. \nChangement des EAR. \nSuite RDF', NULL, 'UG', '0', '0,8', NULL, '2020', '2026', NULL, 1, NULL, NULL, NULL, NULL, NULL, NULL),
(110, 'PDC-2020-0860/26', '8', 'P3', 'MZO', '0', 'hotellerie et Cercle mess de la GSBDD de METZ', '0', '50000', NULL, NULL, 'UG', '0', '1', NULL, NULL, '2026', 'S1', 1, NULL, NULL, NULL, NULL, NULL, NULL),
(111, NULL, NULL, NULL, 'VAE', '0', 'CIRFA ANT - BSN', '0', '100000', '\nChangement des EAR. \n', NULL, 'UG', NULL, '1', NULL, NULL, '2026', NULL, 1, NULL, NULL, NULL, NULL, NULL, NULL),
(112, NULL, '3', NULL, 'MTZ', NULL, 'CIRFA - DMD 10', NULL, '600000', 'Remplacement du cœur.\n Changement des EAR. \nReprise du fédérateur. \nIntégration de la téléphonie. \nReprise VRD', NULL, 'UG', NULL, '1', NULL, NULL, '2021', NULL, 1, NULL, NULL, NULL, NULL, NULL, NULL),
(113, NULL, '4', NULL, 'MTZ', NULL, 'CENZUB CAMP', NULL, '600000', 'Reprise de la desserte en optique', NULL, 'UG', NULL, '1', NULL, NULL, '2021', NULL, 1, NULL, NULL, NULL, NULL, NULL, NULL),
(114, NULL, NULL, NULL, 'VSU', '7', '25 RGA', '7', NULL, NULL, NULL, 'CS', NULL, NULL, NULL, NULL, '2025', NULL, 1, NULL, NULL, NULL, NULL, NULL, NULL);

-- --------------------------------------------------------

--
-- Tabellenstruktur für Tabelle `opera`
--

DROP TABLE IF EXISTS `opera`;
CREATE TABLE IF NOT EXISTS `opera` (
  `Id_opera` int(11) NOT NULL AUTO_INCREMENT,
  `Id_access` varchar(255) COLLATE utf8_bin DEFAULT NULL,
  `Type` varchar(255) COLLATE utf8_bin DEFAULT NULL,
  `Debit` int(11) DEFAULT NULL,
  `Trigramme` varchar(255) COLLATE utf8_bin DEFAULT NULL,
  `Etat` tinyint(1) NOT NULL,
  PRIMARY KEY (`Id_opera`),
  KEY `OPERA_Quartiers_FK` (`Trigramme`) USING BTREE
) ENGINE=InnoDB AUTO_INCREMENT=173 DEFAULT CHARSET=utf8 COLLATE=utf8_bin;

--
-- Daten für Tabelle `opera`
--

INSERT INTO `opera` (`Id_opera`, `Id_access`, `Type`, `Debit`, `Trigramme`, `Etat`) VALUES
(1, 'OPERA-FR-ASI-010', 'Cuivre', 2, 'ASI', 1),
(2, 'OPERA-FR-AUC-010', 'Cuivre', 4, 'AUC', 1),
(3, 'OPERA-FR-AUN-010', 'Fibre', 20, 'AUN', 1),
(4, 'OPERA-FR-AXE-010', 'Cuivre', 8, 'AXE', 1),
(5, 'OPERA-FR-AXG-010', 'Cuivre', 4, 'AXG', 1),
(6, 'OPERA-FR-AXY-010', 'Cuivre', 8, 'AXY', 1),
(7, 'OPERA-FR-BCN-010', 'Cuivre', 2, 'BCN', 1),
(8, 'OPERA-FR-BCS-010', 'Fibre', 20, 'BCS', 1),
(9, 'OPERA-FR-BDL-100', 'Fibre', 6, 'BDL', 1),
(10, 'OPERA-FR-BFT-010', 'Cuivre', 2, 'BFT', 1),
(11, 'OPERA-FR-BHE-010', 'Fibre', 20, 'BHE', 1),
(12, 'OPERA-FR-BLP-010', 'Fibre', 10, 'BLP', 1),
(13, 'OPERA-FR-BLT-010', 'Fibre', 40, 'BLT', 1),
(14, 'OPERA-FR-BMC-010', 'Cuivre', 2, 'BMC', 1),
(15, 'OPERA-FR-BML-010', 'Cuivre', 2, 'BML', 1),
(16, 'OPERA-FR-BNJ-010', 'Fibre', 40, 'BNJ', 1),
(17, 'OPERA-FR-BNR-010', 'Fibre', 40, 'BNR', 1),
(18, 'OPERA-FR-BOE-010', 'Fibre', 6, 'BOE', 1),
(19, 'OPERA-FR-BOY-010', 'Cuivre', 2, 'BOY', 1),
(20, 'OPERA-FR-BRB-010', 'Cuivre', 4, 'BRB', 1),
(21, 'OPERA-FR-BRI-010', 'Cuivre', 4, 'BRI', 1),
(22, 'OPERA-FR-BSN-010', 'Fibre', 200, 'BSN', 1),
(23, 'OPERA-FR-BTH-010', 'Fibre', 20, 'BTH', 1),
(24, 'OPERA-FR-CAF-010', 'Cuivre', 2, 'CAF', 1),
(25, 'OPERA-FR-CCL-010', 'Cuivre', 8, 'CCL', 1),
(26, 'OPERA-FR-CCN-010', 'Fibre', 40, 'CCN', 1),
(27, 'OPERA-FR-CDA-010', 'Fibre', 6, 'CDA', 1),
(28, 'OPERA-FR-CEM-010 ', 'Fibre', 40, 'CEM', 1),
(29, 'OPERA-FR-CFO-010', 'Cuivre', 4, 'CFO', 1),
(30, 'OPERA-FR-CHA-010', 'Fibre', 10, 'CHA', 1),
(31, 'OPERA-FR-CHF-010', 'Cuivre', 8, 'CHF', 1),
(32, 'OPERA-FR-CHU-010', 'Cuivre', 2, 'CHU', 1),
(33, 'OPERA-FR-CRM-010', 'Fibre', 40, 'CRM', 1),
(34, 'OPERA-FR-CRR-010', 'Cuivre', 4, 'CRR', 1),
(35, 'OPERA-FR-CRW-010', 'Fibre', 40, 'CRW', 1),
(36, 'OPERA-FR-CTA-100', 'Fibre', 20, 'CTA', 1),
(37, 'OPERA-FR-CTH-010', 'Cuivre', 2, 'CTH', 1),
(38, 'OPERA-FR-CTL-010', 'FH', 6, 'CTL', 1),
(39, 'OPERA-FR-CTS-010', 'Fibre', 8, 'CTS', 1),
(40, 'OPERA-FR-CVS-010', 'Cuivre', 4, 'CVS', 1),
(41, 'OPERA-FR-DEC-010', 'Cuivre', 2, 'DEC', 1),
(42, 'OPERA-FR-DES-010', 'Cuivre', 2, 'DES', 1),
(43, 'OPERA-FR-DID-010', 'Fibre', 10, 'DID', 1),
(44, 'OPERA-FR-DJN-010', 'Cuivre', 4, 'DJN', 1),
(45, 'OPERA-FR-DNA-010', 'Fibre', 10, 'DNA', 1),
(46, 'OPERA-FR-DNL-010', 'Fibre', 40, 'DNL', 1),
(47, 'OPERA-FR-DNN-010', 'Fibre', 20, 'DNN', 1),
(48, 'OPERA-FR-DOD-010', 'Cuivre', 2, 'DOD', 1),
(49, 'OPERA-FR-DOU-010', 'Fibre', 60, 'DOU', 1),
(50, 'OPERA-FR-DOU-100', 'Fibre', 10, 'DOU', 1),
(51, 'OPERA-FR-DPT-010', 'Fibre', 6, 'DPT', 1),
(52, 'OPERA-FR-DPY-010', 'Cuivre', 2, 'DPY', 1),
(53, 'OPERA-FR-DST-100', 'Fibre', 20, 'DST', 1),
(54, 'OPERA-FR-DZE-010', 'Fibre', 8, 'DZE', 1),
(55, 'OPERA-FR-DZV-010', 'Cuivre', 8, 'DZV', 1),
(56, 'OPERA-FR-EFA-010', 'Cuivre', 2, 'EFA', 1),
(57, 'OPERA-FR-ENR-010', 'Fibre', 60, 'ENR', 1),
(58, 'OPERA-FR-ENR-020', 'Fibre', 10, 'ENR', 1),
(59, 'OPERA-FR-EPT-010', 'Cuivre', 4, 'EPT', 1),
(60, 'OPERA-FR-EVN-010', 'Fibre', 20, 'EVN', 1),
(61, 'OPERA-FR-GSE-010', 'Fibre', 10, 'GSE', 1),
(62, 'OPERA-FR-HEG-010', 'Fibre', 10, 'HEG', 1),
(63, 'OPERA-FR-HEG-100', 'Fibre', 10, 'HEG', 1),
(64, 'OPERA-FR-HUA-010', 'Fibre', 8, 'HUA', 1),
(65, 'OPERA-FR-IGN-010', 'Fibre', 20, 'IGN', 1),
(66, 'OPERA-FR-LEP-010', 'Cuivre', 2, 'LEP', 1),
(67, 'OPERA-FR-LER-010', 'Fibre', 20, 'LER', 1),
(68, 'OPERA-FR-LES-010', 'Fibre', 40, 'LES', 1),
(69, 'OPERA-FR-LET-010', 'Fibre', 10, 'LET', 1),
(70, 'OPERA-FR-LEX-010', 'Cuivre', 2, 'LEX', 1),
(71, 'OPERA-FR-LFG-010', 'Fibre', 40, 'LFG', 1),
(72, 'OPERA-FR-LLK-020', 'Fibre', 200, 'LLK', 1),
(73, 'OPERA-FR-LLK-100', 'Fibre', 100, 'LLK', 1),
(74, 'OPERA-FR-LLS-010', 'Cuivre', 2, 'LLS', 1),
(75, 'OPERA-FR-LLV-010', 'Fibre', 10, 'LLV', 1),
(76, 'OPERA-FR-LNV-010', 'Cuivre', 2, 'LNV', 1),
(77, 'OPERA-FR-LPI-010', 'Fibre', 15, 'LPI', 1),
(78, 'OPERA-FR-LRI-010', 'Cuivre', 8, 'LRI', 1),
(79, 'OPERA-FR-LRR-010', 'Cuivre', 4, 'LRR', 1),
(80, 'OPERA-FR-LTO-010', 'Cuivre', 2, 'LTO', 1),
(81, 'OPERA-FR-LUN-010', 'cuivre', 8, 'LUN', 1),
(82, 'OPERA-FR-LUV-010', 'Cuivre', 4, 'LUV', 1),
(83, 'OPERA-FR-LXL-010', 'Fibre', 80, 'LXL', 1),
(84, 'OPERA-FR-LXL-020', 'Cuivre', 2, 'LXL', 1),
(85, 'OPERA-FR-MEX-010', 'Fibre', 20, 'MEX', 1),
(86, 'OPERA-FR-MHI-010', 'Fibre', 110, 'MHI', 1),
(87, 'OPERA-FR-MLH-010', 'Cuivre', 2, 'MLH', 1),
(88, 'OPERA-FR-MLI-010', 'FH', 6, 'MLI', 1),
(89, 'OPERA-FR-MLY-010', 'Fibre', 40, 'MLY', 1),
(90, 'OPERA-FR-MMD-010', 'Fibre', 20, 'MMD', 1),
(91, 'OPERA-FR-MMG-010', 'Fibre', 10, 'MMG', 1),
(92, 'OPERA-FR-MMN-010', 'Fibre', 60, 'MMN', 1),
(93, 'OPERA-FR-MMR-010', 'Fibre', 20, 'MMR', 1),
(94, 'OPERA-FR-MNF-010', 'Cuivre', 2, 'MNF', 1),
(95, 'OPERA-FR-MRL-010', 'Fibre', 20, 'MRL', 1),
(96, 'OPERA-FR-MRN-010', 'Fibre', 8, 'MRN', 1),
(97, 'OPERA-FR-MSR-010', 'Fibre', 20, 'MSR', 1),
(98, 'OPERA-FR-MTG-100', 'Fibre', 200, 'MTG', 1),
(99, 'OPERA-FR-MTZ-100', 'Fibre', 8000, 'MTZ', 1),
(100, 'OPERA-FR-MTZ-110', 'Fibre', 2000, 'MTZ', 1),
(101, 'OPERA-FR-MUY-010', 'Fibre', 40, 'MUY', 1),
(102, 'OPERA-FR-MYS-020', 'Fibre', 10, 'MYS', 1),
(103, 'OPERA-FR-MZA-010', 'Fibre', 20, 'MZA', 1),
(104, 'OPERA-FR-MZE-010', 'Cuivre', 4, 'MZE', 1),
(105, 'OPERA-FR-MZN-010', 'Fibre', 40, 'MZN', 1),
(106, 'OPERA-FR-MZO-010', 'Fibre', 10, 'MZO', 1),
(107, 'OPERA-FR-MZW-010', 'Fibre', 15, 'MZW', 1),
(108, 'OPERA-FR-NCY-010', 'Fibre', 40, 'NCY', 1),
(109, 'OPERA-FR-NHO-010', 'Cuivre', 2, 'NHO', 1),
(110, 'OPERA-FR-NHX-010', 'Fibre', 6, 'NHX', 1),
(111, 'OPERA-FR-NYD-010', 'Fibre', 20, 'NYD', 1),
(112, 'OPERA-FR-NYH-010', 'Fibre', 80, 'NYH', 1),
(113, 'OPERA-FR-NYL-010', 'Fibre', 40, 'NYL', 1),
(114, 'OPERA-FR-NYO-010', 'Fibre', 110, 'NYO', 1),
(115, 'OPERA-FR-NYO-020', 'Fibre', 10, 'NYO', 1),
(116, 'OPERA-FR-NYO-030', 'Fibre', 6, 'NYO', 1),
(117, 'OPERA-FR-OBF-010', 'Fibre', 200, 'OBF', 1),
(118, 'OPERA-FR-OGS-010', 'Cuivre', 2, 'OGS', 1),
(119, 'OPERA-FR-PBG-010', 'Fibre', 40, 'PBG', 1),
(120, 'OPERA-FR-PBG-020', 'Fibre', 10, 'PBG', 1),
(121, 'OPERA-FR-PPD-100', 'Fibre', 6, 'PPD', 1),
(122, 'OPERA-FR-PTS-010', 'Cuivre', 2, 'PTS', 1),
(123, 'OPERA-FR-RSC-010', 'Cuivre', 2, 'RSC', 1),
(124, 'OPERA-FR-RSD-010', 'Cuivre', 4, 'RSD', 1),
(125, 'OPERA-FR-RSE-010', 'Fibre', 8, 'RSE', 1),
(126, 'OPERA-FR-RSE-100', 'Fibre', 6, 'RSE', 1),
(127, 'OPERA-FR-RSE-110', 'Fibre', 6, 'RSE', 1),
(128, 'OPERA-FR-RSE-120', 'Fibre', 6, 'RSE', 1),
(129, 'OPERA-FR-RSE-130', 'Fibre', 6, 'RSE', 1),
(130, 'OPERA-FR-RYP-010', 'Cuivre', 2, 'RYP', 1),
(131, 'OPERA-FR-SAS-010', 'Fibre', 100, 'SAS', 1),
(132, 'OPERA-FR-SBB-010', 'Fibre', 20, 'SBB', 1),
(133, 'OPERA-FR-SBE-010', 'Cuivre', 6, 'SBE', 1),
(134, 'OPERA-FR-SBL-010', 'Fibre', 8, 'SBL', 1),
(135, 'OPERA-FR-SBP-010', 'Fibre', 40, 'SBP', 1),
(136, 'OPERA-FR-SBT-010', 'Fibre', 40, 'SBT', 1),
(137, 'OPERA-FR-SGD-010', 'Fibre', 1000, 'SGD', 1),
(138, 'OPERA-FR-SGH-010', 'Cuivre', 1, 'SGH', 1),
(139, 'OPERA-FR-SGN-010', 'Fibre', 200, 'SGN', 1),
(140, 'OPERA-FR-SGS-010', 'Cuivre', 2, 'SGS', 1),
(141, 'OPERA-FR-SGZ-010', 'Fibre', 20, 'SGZ', 1),
(142, 'OPERA-FR-SLY-010', 'Cuivre', 2, 'SLY', 1),
(143, 'OPERA-FR-SMO-010', 'Fibre', 100, 'SMO', 1),
(144, 'OPERA-FR-SNN-010', 'Cuivre', 2, 'SNN', 1),
(145, 'OPERA-FR-SOB-100 ', 'Fibre', 40, 'SOB', 1),
(146, 'OPERA-FR-SPY-010', 'Cuivre', 2, 'SPY', 1),
(147, 'OPERA-FR-SSN-010', 'Fibre', 20, 'SSN', 1),
(148, 'OPERA-FR-SSP-010', 'fibre', 10, 'SSP', 1),
(149, 'OPERA-FR-STD-010', 'Fibre', 110, 'STD', 1),
(150, 'OPERA-FR-STD-020', 'Fibre', 10, 'STD', 1),
(151, 'OPERA-FR-STD-030', 'Fibre', 6, 'STD', 1),
(152, 'OPERA-FR-SUI-010', 'Fibre', 40, 'SUI', 1),
(153, 'OPERA-FR-SUS-010', 'Fibre', 6, 'SUS', 1),
(154, 'OPERA-FR-SVE-010', 'FH', 6, 'SVE', 1),
(155, 'OPERA-FR-TLD-010', 'Cuivre', 4, 'TLD', 1),
(156, 'OPERA-FR-TLF-010', 'Fibre', 20, 'TLF', 1),
(157, 'OPERA-FR-TRE-010', 'Cuivre', 2, 'TRE', 1),
(158, 'OPERA-FR-TVE-010', 'Fibre', 40, 'TVE', 1),
(159, 'OPERA-FR-TVE-100', 'Fibre', 10, 'TVE', 1),
(160, 'OPERA-FR-TYB-010', 'Fibre', 10, 'TYB', 1),
(161, 'OPERA-FR-VDC-010', 'Fibre', 6, 'VDC', 1),
(162, 'OPERA-FR-VDN-010', 'Fibre', 40, 'VDN', 1),
(163, 'OPERA-FR-VDO-010', 'Fibre', 20, 'VDO', 1),
(164, 'OPERA-FR-VDR-010', 'Cuivre', 2, 'VDR', 1),
(165, 'OPERA-FR-VGR-010', 'Cuivre', 2, 'VGR', 1),
(166, 'OPERA-FR-VLD-010', 'Fibre', 6, 'VLD', 1),
(167, 'OPERA-FR-VRM-010', 'Cuivre', 2, 'VRM', 1),
(168, 'OPERA-FR-VST-010', 'Cuivre', 4, 'VST', 1),
(169, 'OPERA-FR-VSU-010', 'Fibre', 20, 'VSU', 1),
(170, 'OPERA-FR-VYE-010', 'Fibre', 20, 'VYE', 1),
(171, 'OPERA-FR-WYB-010', 'Cuivre', 2, 'WYB', 1),
(172, 'OPERA-FR-ZTM-100', 'Fibre', 10, 'ZTM', 1);

-- --------------------------------------------------------

--
-- Tabellenstruktur für Tabelle `organisme`
--

DROP TABLE IF EXISTS `organisme`;
CREATE TABLE IF NOT EXISTS `organisme` (
  `Id_organisme` int(11) NOT NULL AUTO_INCREMENT,
  `Nom` varchar(255) COLLATE utf8_bin NOT NULL,
  PRIMARY KEY (`Id_organisme`)
) ENGINE=InnoDB AUTO_INCREMENT=329 DEFAULT CHARSET=utf8 COLLATE=utf8_bin;

--
-- Daten für Tabelle `organisme`
--

INSERT INTO `organisme` (`Id_organisme`, `Nom`) VALUES
(1, '10ème Antenne Médicale de Prévention'),
(2, '11ème Antenne Médicale'),
(3, '12ème BSMAT'),
(5, '132ème BCAT'),
(6, '132ème RIC'),
(7, '13ème RG'),
(8, '152ème RI'),
(9, '15ème BSMAT'),
(10, '16ème BC'),
(11, '16ème BCP'),
(12, '17ème GA'),
(13, '19ème RG'),
(14, 'Etat-Major 1er DIV'),
(15, '1er RA'),
(16, '1er RCH'),
(18, '1er RHC'),
(19, '1er RHDC'),
(20, '1er RI'),
(21, '1er RMAT'),
(22, '1er RSMV'),
(23, '1er RTIR'),
(24, '21ème Antenne Médicale'),
(25, '21ème Groupe Vétérinaire'),
(26, '24ème Groupe Vétérinaire'),
(27, '25ème RGA'),
(28, '27ème Antenne Médicale'),
(29, '27ème Groupe Vétérinaire'),
(30, '28ème Antenne Médicale'),
(31, '28ème Groupe Géographique'),
(32, '29ème Antenne Médicale'),
(33, '2ème AEMI'),
(34, 'Etat-Major 2ème BB'),
(35, '2ème RH'),
(36, '30ème Groupe Vétérinaire'),
(37, '31ème Antenne Médicale'),
(38, '32ème Groupe Vétérinaire'),
(39, '33ème CMA'),
(40, '34ème CMA'),
(41, '35ème RI'),
(42, '36ème Groupe Vétérinaire'),
(43, '38ème Antenne Médicale'),
(44, '3ème CMA'),
(45, '3ème RA'),
(46, '3ème RG'),
(47, '3ème RH'),
(48, '3ème RHC'),
(49, '40ème RA'),
(50, '40ème RT'),
(51, '41ème Antenne Médicale'),
(52, '41ème RT'),
(53, '42ème Antenne Médicale'),
(54, '43ème Antenne Médicale'),
(55, '44ème RT'),
(56, '45ème Antenne Médicale'),
(57, '4ème CMA'),
(58, '501ème RCC'),
(59, '50ème Antenne Médicale'),
(60, '511ème RTR'),
(61, '516ème RT'),
(62, '516ème RTR'),
(63, '51ème Antenne Médicale'),
(64, '51ème RI'),
(65, '52ème Antenne Médicale'),
(66, '53ème Antenne Médicale'),
(67, '53ème RT'),
(68, '54ème RT'),
(69, '56ème Antenne Médicale'),
(70, '57ème Antenne Médicale'),
(71, '59ème Antenne Médicale'),
(72, '5ème RD'),
(73, '5ème RG'),
(74, '60ème Antenne Médicale'),
(75, '61ème Antenne Médicale de Gendarmerie'),
(76, '61ème RA'),
(77, '62ème Antenne Médicale'),
(78, '63ème Antenne Médicale'),
(79, '64ème Antenne Médicale de Gendarmerie'),
(80, '65ème Antenne Médicale BA'),
(81, '68ème Antenne Médicale'),
(82, '6ème CMA'),
(83, '6ème RMAT'),
(84, '72ème Antenne Médicale'),
(85, '7ème BB'),
(86, '8ème RMAT'),
(87, 'AAS'),
(88, 'ADM'),
(89, 'Agence Pour l\'Emploi des Militaires'),
(90, 'ARD-PDM'),
(91, 'ASA'),
(92, 'ASICAERO'),
(93, 'Atelier reprographie'),
(94, 'Aumoneries Catholique'),
(95, 'Aumoneries Israélite'),
(96, 'Aumoneries Musulmane'),
(97, 'Aumoneries Protestante'),
(98, 'Aumoneries régionales'),
(99, 'BA112'),
(100, 'BA113'),
(101, 'BA116'),
(102, 'BA133'),
(103, 'BARAA'),
(105, 'BGA'),
(106, 'BIL'),
(107, 'BLRH Legouest'),
(108, 'BPIA'),
(109, 'Brigade de Surveillance du Littoral'),
(110, 'BRL'),
(111, 'BTAC'),
(112, 'Bureau de garnison'),
(113, 'Bureau de liaison français (FRLO) auprès de la NSPA'),
(114, 'Bureau Logement'),
(115, 'Bureau régional des syndicats'),
(116, 'CAFCA'),
(117, 'CAMID'),
(118, 'Camp de Mourmelon le Grand'),
(119, 'Camp Fleurus'),
(120, 'Camp militaire'),
(121, 'Camp Parc A Roue'),
(122, 'CAT'),
(123, 'CE Radio'),
(124, 'CEB'),
(125, 'CEC'),
(126, 'CECPC'),
(127, 'CENTAC'),
(128, 'CENTIAL'),
(129, 'Centre Equestre'),
(131, 'CENZUB'),
(132, 'CERAH'),
(133, 'Cercle Garnison'),
(134, 'Cercle Mess'),
(135, 'Cercle Mixte'),
(136, 'CERD CAMP DU STRUTHOF'),
(137, 'CERHS'),
(138, 'CETIA'),
(139, 'CFIAR'),
(140, 'CFIM'),
(141, 'CFT'),
(142, 'CIAS'),
(143, 'CIDSA'),
(144, 'Ecoles de Bourges (CIEC)'),
(145, 'CIEP'),
(146, 'CIIRAA'),
(147, 'CIMOB'),
(148, 'CIRFA'),
(149, 'CIRFA AIR'),
(150, 'CIRFA MARINE'),
(151, 'CIRFA TERRE'),
(152, 'CIRISI'),
(153, 'CMA'),
(154, 'CMCC'),
(155, 'CMG'),
(156, 'CNMSS'),
(157, 'CNPI'),
(158, 'COMAR'),
(159, 'COME2CIA'),
(160, 'COMLOG'),
(161, 'Commandement des Centres de Préparation des Forces'),
(162, 'COMMF'),
(163, 'COMRENS'),
(164, 'CORIAD'),
(165, 'Corps Européen'),
(166, 'CPI'),
(167, 'CRE'),
(168, 'CROSS GRISNEZ'),
(170, 'CRRE'),
(171, 'CRRFR'),
(172, 'CRT'),
(173, 'CSMV'),
(174, 'CSN'),
(175, 'CSO'),
(176, 'CTAS'),
(177, 'CTSS'),
(178, 'DCSIM'),
(179, 'DEA'),
(180, 'DEALAT'),
(182, 'Mobilité Défense'),
(183, 'DELPIA'),
(184, 'Dét. Aéro 35 F'),
(185, 'Dét. GRLE (PILE)'),
(186, 'Dét. SIC / CIR'),
(187, 'Direction Régionale de la PSD'),
(188, 'Direction Régionale du SID'),
(189, 'DIRISI'),
(190, 'District sécurité portuaire'),
(191, 'DISTRICT SOCIAL'),
(192, 'DMD'),
(193, 'DRSID'),
(194, 'EAR'),
(195, 'EAR 901 ILOT 1'),
(196, 'EAR 901 ILOT 2'),
(197, 'Echelon Social'),
(198, 'Echelon Social Gendarmerie'),
(199, 'EDSA'),
(200, 'ELOCA'),
(201, 'ELOCA - BAT 52'),
(202, 'ELOCA - BAT 52- RDC'),
(203, 'Etat-Major'),
(204, 'EMAT'),
(205, 'EMIA ZD'),
(206, 'EMOT'),
(207, 'EMZD'),
(208, 'EP MU Alsace-Lorraine'),
(209, 'EPEE'),
(210, 'ERSA'),
(211, 'ERSA de Marolles'),
(212, 'ESCAUT Gendarmerie Maritime'),
(213, 'ESID'),
(214, 'ESN'),
(215, 'Echelon Social de Proximité'),
(216, 'Etablissement d\'Infrastructure de la Defense'),
(218, 'Etablissement Spécialisé du Commissariat de l\'Armée de Terre '),
(219, 'European EMAAlift Transport Command - EATC 20.560'),
(220, 'G8'),
(221, 'Groupe Vétérinaire'),
(222, 'GRS'),
(223, 'GSBDD'),
(224, 'Hébergement gite étape'),
(225, 'HIA Legouest'),
(226, 'Hotel de commandement - CFT/CAB/HQG'),
(227, 'Joint Warfare Centre'),
(228, 'Lycée Militaire'),
(229, 'Maitre bottier'),
(230, 'Maitre tailleur'),
(231, 'Manœuvres - bat 34 - pièce 6'),
(232, 'Manœuvres - bat 35 - pièce 25'),
(234, 'Musée des AET'),
(235, 'Musique des Forces Terrestres'),
(236, 'Mutuelle Civile Défense'),
(237, 'NSE'),
(238, 'ONAC'),
(239, 'Palais du Gouverneur'),
(240, 'Patrouilleur L\'Escaut (P618)'),
(241, 'Patrouilleur/Scarpe (P604)'),
(242, 'PDM'),
(243, 'PDM Antenne Etain'),
(244, 'PDM Antenne Verdun'),
(245, 'PFAF'),
(246, 'PFAT'),
(247, 'PFC Est'),
(248, 'PFIA'),
(249, 'PILE ZE'),
(250, 'Pôle des sépultures de guerre et hauts lieux de mémoire nationale'),
(251, 'Poste Recrutement de la Légion Etrangère'),
(252, 'PROEMAT et VIGIPIRATE'),
(253, 'PRSD'),
(254, 'PSD'),
(255, 'PSIR'),
(256, 'PSMP'),
(257, 'QUALIQ Terre'),
(258, 'Quartier Colin'),
(259, 'Référent DRHAT'),
(260, 'Régiment de Marche du Tchad'),
(261, 'REPDEF OTAN'),
(262, 'RMF SHAPE'),
(263, 'RMF UE'),
(264, 'SCO-R'),
(265, 'SCTAS'),
(266, 'SDK'),
(267, 'Section Technique de l\'Armée de Terre'),
(268, 'SEM'),
(269, 'Sémaphore'),
(270, 'Sentinelle'),
(271, 'Service Spécialisé de la Logistique et des transports'),
(272, 'SESU'),
(273, 'SGA/DAR'),
(274, 'SIAé'),
(275, 'SID'),
(276, 'SIMMT'),
(277, 'Site hertzien Mont St Frieux'),
(278, 'SLC'),
(279, 'SLI'),
(280, 'SLPA'),
(281, 'SMV'),
(282, 'SPAC'),
(283, 'SSV'),
(284, 'STAT'),
(285, 'Station de Perthes'),
(286, 'Station de Sommepy Tahure'),
(287, 'STATION RADAR'),
(288, 'Syndicat CGT'),
(289, 'Syndicats'),
(290, 'UIS'),
(291, 'USID'),
(292, 'Zone d\'équipement / déséquipement'),
(293, 'CEPC'),
(294, 'COMBBD'),
(295, '30ème Antenne Médicale'),
(296, '36ème Antenne Médicale'),
(297, '32ème Antenne Médicale'),
(298, '40ème Antenne Médicale'),
(299, '39ème Antenne Médicale'),
(301, '54ème Antenne Médicale'),
(302, '48ème Antenne Médicale'),
(303, '46ème Antenne Médicale'),
(304, '26ème Antenne Médicale'),
(305, '5ème CMA'),
(306, 'Peloton Cynotechnique'),
(307, '94ème RI'),
(308, 'CPOGE'),
(309, '291ème Jäger Bataillon'),
(310, '10ème Groupe Vétérinaire'),
(311, 'DCAOC'),
(312, 'PCMUE'),
(313, 'Préfécture'),
(314, 'FOSIT Cherbourg'),
(316, 'Aumoneries'),
(317, 'BdD'),
(318, 'CPIT'),
(319, 'Musique ABC'),
(320, '18ème RT'),
(321, 'Pôle ENT'),
(322, 'ESTA'),
(323, 'EAS'),
(324, 'BRH'),
(325, 'DRM'),
(326, 'Cynogroupe'),
(327, 'BA132'),
(328, 'ESEP');

-- --------------------------------------------------------

--
-- Tabellenstruktur für Tabelle `organisme_quartiers`
--

DROP TABLE IF EXISTS `organisme_quartiers`;
CREATE TABLE IF NOT EXISTS `organisme_quartiers` (
  `Id_organisme` int(11) NOT NULL,
  `Trigramme` varchar(255) COLLATE utf8_bin NOT NULL,
  KEY `ORGANISME_ID_FK` (`Id_organisme`),
  KEY `TRIGRAMME_ID_FK` (`Trigramme`)
) ENGINE=InnoDB DEFAULT CHARSET=utf8 COLLATE=utf8_bin;

--
-- Daten für Tabelle `organisme_quartiers`
--

INSERT INTO `organisme_quartiers` (`Id_organisme`, `Trigramme`) VALUES
(87, 'AXY'),
(60, 'AXE'),
(14, 'BSN'),
(78, 'AXY'),
(291, 'AXY'),
(182, 'BNR'),
(182, 'LXL'),
(182, 'VDO'),
(182, 'AXE'),
(182, 'EVN'),
(182, 'LFG'),
(182, 'DJN'),
(223, 'AXE'),
(70, 'BLT'),
(192, 'BTH'),
(177, 'BTH'),
(87, 'BTH'),
(223, 'BTH'),
(151, 'MNF'),
(151, 'BRI'),
(151, 'BSN'),
(151, 'DJN'),
(98, 'BSN'),
(98, 'BTH'),
(291, 'BRI'),
(41, 'BLT'),
(203, 'BTH'),
(71, 'LFG'),
(15, 'LFG'),
(174, 'BSN'),
(253, 'BSN'),
(150, 'DJN'),
(150, 'BSN'),
(149, 'DJN'),
(149, 'BSN'),
(203, 'BSN'),
(85, 'BSN'),
(87, 'BNJ'),
(82, 'BSN'),
(177, 'BSN'),
(13, 'BNJ'),
(83, 'BNR'),
(77, 'BNJ'),
(25, 'BNR'),
(192, 'BSN'),
(152, 'BSN'),
(152, 'STD'),
(152, 'SGD'),
(152, 'LLK'),
(291, 'BSN'),
(223, 'BNJ'),
(192, 'LLS'),
(87, 'LXL'),
(291, 'LXL'),
(69, 'LXL'),
(223, 'LXL'),
(179, 'LXL'),
(101, 'LXL'),
(203, 'LXL'),
(105, 'LXL'),
(87, 'VDO'),
(74, 'VDO'),
(140, 'VDO'),
(291, 'VDO'),
(7, 'VDO'),
(223, 'VDO'),
(192, 'LXL'),
(228, 'AUN'),
(228, 'AUC'),
(84, 'AUC'),
(223, 'AUN'),
(291, 'AUC'),
(87, 'AUC'),
(87, 'CCN'),
(223, 'CCN'),
(81, 'CCN'),
(108, 'CCN'),
(108, 'MEX'),
(145, 'MEX'),
(291, 'CCN'),
(291, 'DNL'),
(103, 'DNL'),
(174, 'DJN'),
(192, 'DJN'),
(223, 'DNL'),
(79, 'DNL'),
(253, 'DJN'),
(192, 'MNF'),
(290, 'LXL'),
(92, 'DNL'),
(80, 'DNL'),
(75, 'BSN'),
(146, 'DNL'),
(23, 'EVN'),
(87, 'EPT'),
(148, 'EPT'),
(291, 'EVN'),
(192, 'EPT'),
(66, 'EVN'),
(223, 'EVN'),
(167, 'BOY'),
(148, 'LNV'),
(192, 'LNV'),
(131, 'SSN'),
(307, 'SSN'),
(152, 'SSN'),
(144, 'SSN'),
(197, 'SSN'),
(306, 'SNN'),
(223, 'SSN'),
(28, 'SSN'),
(291, 'SSN'),
(281, 'CHF'),
(174, 'LLV'),
(174, 'NCY'),
(174, 'CCL'),
(174, 'SBT'),
(291, 'CHA'),
(152, 'MMN'),
(192, 'CCL'),
(46, 'CEM'),
(148, 'CDA'),
(192, 'CDA'),
(242, 'CEM'),
(291, 'CEM'),
(294, 'CEM'),
(223, 'CEM'),
(197, 'CEM'),
(30, 'CEM'),
(200, 'CTA'),
(223, 'CTA'),
(72, 'MYS'),
(152, 'MLY'),
(127, 'MLY'),
(223, 'MYS'),
(65, 'MLY'),
(291, 'MLY'),
(242, 'MLY'),
(126, 'MYS'),
(45, 'MYS'),
(215, 'MLY'),
(58, 'MMD'),
(294, 'MMD'),
(223, 'MMD'),
(90, 'MMN'),
(13, 'MGI'),
(197, 'MGI'),
(197, 'MMN'),
(86, 'MMU'),
(159, 'MGI'),
(128, 'MGI'),
(64, 'MGI'),
(32, 'MMD'),
(1, 'MMD'),
(284, 'MMN'),
(144, 'MGI'),
(291, 'MGE'),
(200, 'MMG'),
(151, 'RSD'),
(149, 'RSD'),
(150, 'RSD'),
(6, 'SSP'),
(223, 'SSP'),
(26, 'SSP'),
(197, 'SUI'),
(223, 'SMA'),
(291, 'SMA'),
(37, 'SMA'),
(88, 'SMA'),
(254, 'SMA'),
(49, 'SMA'),
(86, 'SUI'),
(64, 'SUI'),
(138, 'SUI'),
(265, 'SUS'),
(148, 'TYB'),
(192, 'TYB'),
(27, 'VSU'),
(223, 'VSU'),
(286, 'SPY'),
(285, 'PTS'),
(52, 'DOU'),
(88, 'DOU'),
(88, 'LER'),
(223, 'DOU'),
(147, 'DNN'),
(223, 'DNN'),
(223, 'LER'),
(317, 'LER'),
(109, 'BDL'),
(112, 'LER'),
(114, 'LER'),
(116, 'DNN'),
(134, 'DOU'),
(141, 'LLK'),
(203, 'LLK'),
(160, 'LLK'),
(162, 'LLK'),
(172, 'LLK'),
(143, 'LLK'),
(206, 'LLK'),
(151, 'LRI'),
(151, 'VAE'),
(148, 'LRI'),
(151, 'DPY'),
(150, 'LRI'),
(44, 'LER'),
(24, 'LER'),
(153, 'LER'),
(153, 'DOU'),
(171, 'LES'),
(158, 'DPY'),
(168, 'GSN'),
(184, 'LTO'),
(186, 'DOU'),
(3, 'DID'),
(185, 'LER'),
(187, 'LER'),
(190, 'DPY'),
(192, 'LER'),
(192, 'ASI'),
(198, 'ASI'),
(215, 'DOU'),
(215, 'LET'),
(198, 'VAE'),
(205, 'LER'),
(219, 'EEC'),
(226, 'LLK'),
(227, 'NSN'),
(229, 'NCY'),
(229, 'LET'),
(230, 'NCY'),
(230, 'LET'),
(235, 'LER'),
(236, 'LET'),
(237, 'BSM'),
(238, 'LET'),
(240, 'DPY'),
(312, 'BSU'),
(313, 'LEP'),
(252, 'LRR'),
(261, 'BXE'),
(262, 'BMO'),
(263, 'BSU'),
(315, 'DPY'),
(314, 'BOM'),
(157, 'LLK'),
(151, 'ASI'),
(277, 'NHX'),
(282, 'LPI'),
(147, 'LPI'),
(246, 'DNN'),
(289, 'LET'),
(291, 'LRI'),
(291, 'DOU'),
(256, 'PPD'),
(256, 'PPC'),
(16, 'VDN'),
(29, 'MZT'),
(47, 'MSR'),
(295, 'TVE'),
(296, 'MZC'),
(297, 'ENR'),
(48, 'ENR'),
(57, 'MZN'),
(50, 'TVE'),
(50, 'HEG'),
(40, 'MSR'),
(39, 'VDN'),
(151, 'VDN'),
(223, 'ENR'),
(223, 'VDR'),
(223, 'TVE'),
(223, 'WYB'),
(223, 'MHI'),
(291, 'MSR'),
(291, 'TPE'),
(291, 'WYB'),
(93, 'MTZ'),
(316, 'MZO'),
(94, 'MZO'),
(97, 'MZO'),
(106, 'MTZ'),
(107, 'MHI'),
(110, 'MTZ'),
(115, 'MTZ'),
(132, 'WYB'),
(133, 'MTZ'),
(133, 'MZO'),
(133, 'MSR'),
(140, 'VDN'),
(151, 'MZN'),
(149, 'MZN'),
(150, 'MZN'),
(152, 'MRL'),
(155, 'VDN'),
(2, 'MRL'),
(156, 'MZN'),
(294, 'VGL'),
(294, 'ENR'),
(294, 'MTZ'),
(294, 'VDR'),
(294, 'STD'),
(318, 'MZC'),
(22, 'MZC'),
(176, 'MZN'),
(180, 'ENR'),
(83, 'WYB'),
(86, 'VGL'),
(189, 'MTZ'),
(193, 'MZN'),
(192, 'BRB'),
(192, 'VGL'),
(197, 'SMO'),
(197, 'ENR'),
(197, 'MSR'),
(197, 'TVE'),
(197, 'MHI'),
(197, 'MZN'),
(207, 'MCU'),
(208, 'VDR'),
(209, 'MTZ'),
(197, 'MRL'),
(213, 'MZN'),
(223, 'STD'),
(223, 'CRW'),
(223, 'MRL'),
(223, 'VDN'),
(224, 'MZC'),
(225, 'MSR'),
(319, 'MRL'),
(239, 'MPG'),
(242, 'MZC'),
(242, 'VDN'),
(247, 'MZA'),
(248, 'MZE'),
(259, 'MTZ'),
(268, 'MZE'),
(272, 'MZA'),
(276, 'WYB'),
(278, 'MRL'),
(291, 'SBT'),
(291, 'MZN'),
(291, 'CRR'),
(264, 'MTZ'),
(266, 'MTZ'),
(291, 'VGL'),
(291, 'MRL'),
(275, 'MRL'),
(279, 'MRL'),
(223, 'BEP'),
(197, 'BEP'),
(197, 'PBG'),
(223, 'PBG'),
(291, 'SRG'),
(291, 'PBG'),
(223, 'DZE'),
(197, 'DZE'),
(291, 'DZV'),
(223, 'LUN'),
(291, 'NCY'),
(291, 'LUV'),
(197, 'LUV'),
(197, 'NYD'),
(152, 'NCY'),
(151, 'NYH'),
(150, 'NYH'),
(192, 'NCY'),
(223, 'NCY'),
(54, 'SRG'),
(223, 'SRG'),
(197, 'SRG'),
(197, 'TLF'),
(197, 'NYO'),
(291, 'OBF'),
(291, 'IGN'),
(291, 'MUY'),
(291, 'TLF'),
(291, 'NYO'),
(291, 'CRM'),
(279, 'OBF'),
(279, 'IGN'),
(279, 'MUY'),
(279, 'TLF'),
(279, 'NYO'),
(279, 'CRM'),
(275, 'OBF'),
(275, 'IGN'),
(275, 'MUY'),
(275, 'TLF'),
(275, 'NYO'),
(275, 'CRM'),
(223, 'NYO'),
(223, 'TLD'),
(223, 'TLF'),
(291, 'BCS'),
(223, 'BCS'),
(223, 'SMO'),
(63, 'SMO'),
(148, 'CTH'),
(192, 'CAF'),
(291, 'SMO'),
(275, 'SMO'),
(291, 'VYE'),
(275, 'VYE'),
(291, 'STD'),
(197, 'STD'),
(197, 'HGU'),
(197, 'CRM'),
(197, 'MHM'),
(197, 'MUY'),
(197, 'CRW'),
(186, 'CRW'),
(298, 'CRW'),
(223, 'IGN'),
(223, 'CRM'),
(223, 'MHM'),
(223, 'MUY'),
(223, 'MRN'),
(223, 'GRW'),
(223, 'OBF'),
(83, 'GRW'),
(35, 'OBF'),
(68, 'OBF'),
(31, 'OBF'),
(299, 'OBF'),
(284, 'MTG'),
(308, 'OBF'),
(309, 'IGN'),
(148, 'MLH'),
(192, 'CRW'),
(301, 'CRM'),
(302, 'MUY'),
(55, 'MUY'),
(136, 'NRS'),
(215, 'SAS'),
(148, 'SGS'),
(150, 'SGS'),
(239, 'SBB'),
(192, 'SBB'),
(270, 'SBB'),
(303, 'SGZ'),
(185, 'SBL'),
(88, 'SBB'),
(149, 'SGS'),
(310, 'SGS'),
(139, 'SGN'),
(311, 'UDM'),
(172, 'SAS'),
(163, 'SBT'),
(304, 'MHM'),
(305, 'SBB'),
(97, 'LER'),
(95, 'LER'),
(96, 'LER'),
(94, 'LER'),
(134, 'LER'),
(241, 'BOM'),
(314, 'DES'),
(314, 'BOE'),
(46, 'CFO'),
(49, 'SFA'),
(83, 'MZW'),
(102, 'NYO'),
(18, 'PBG'),
(20, 'SOB'),
(140, 'DZE'),
(320, 'DZE'),
(167, 'SOK'),
(167, 'SGH'),
(180, 'PBG'),
(100, 'STD'),
(322, 'STD'),
(323, 'STD'),
(105, 'STD'),
(324, 'STD'),
(163, 'SGN'),
(8, 'CRW'),
(322, 'LXL'),
(326, 'LXL'),
(108, 'GEY'),
(11, 'BHE'),
(152, 'EVN'),
(321, 'MTZ'),
(325, 'SGN'),
(76, 'CHT'),
(55, 'MTG'),
(20, 'SRG'),
(48, 'ESU'),
(55, 'MGH'),
(225, 'MHI'),
(120, 'MLY'),
(118, 'MMN'),
(223, 'MTZ'),
(155, 'MTZ'),
(258, 'MZC'),
(120, 'OBF'),
(76, 'SMO'),
(173, 'VDC'),
(148, 'ASI'),
(14, 'BCN'),
(21, 'BCS'),
(287, 'BFT'),
(120, 'BHE'),
(10, 'BHE'),
(129, 'BHE'),
(83, 'BNY'),
(269, 'BOE'),
(148, 'BRI'),
(216, 'BSN'),
(178, 'BSN'),
(148, 'BSN'),
(294, 'BTH'),
(89, 'CCL'),
(67, 'CCU'),
(114, 'CFM'),
(204, 'CFO'),
(216, 'CHA'),
(270, 'CHF'),
(91, 'CHU'),
(191, 'CHU'),
(260, 'CRM'),
(218, 'CTS'),
(200, 'CTS'),
(201, 'CTS'),
(158, 'DEC'),
(269, 'DES'),
(86, 'DID'),
(148, 'DJN'),
(88, 'DJN'),
(195, 'DNA'),
(279, 'DNA'),
(196, 'DNG'),
(117, 'DNN'),
(271, 'DNN'),
(111, 'DOU'),
(148, 'DPY'),
(212, 'DVM'),
(291, 'EPT'),
(251, 'GLE'),
(83, 'GSE'),
(294, 'HEG'),
(197, 'HUA'),
(34, 'IGN'),
(294, 'LER'),
(220, 'LES'),
(170, 'LES'),
(141, 'LEX'),
(294, 'LLK'),
(112, 'LMI'),
(152, 'LMI'),
(89, 'LMI'),
(216, 'LRI'),
(258, 'LTO'),
(67, 'LUV'),
(133, 'LUV'),
(134, 'MCU'),
(73, 'MGI'),
(124, 'MGI'),
(284, 'MHG'),
(164, 'MHG'),
(293, 'MLY'),
(292, 'MLY'),
(161, 'MLY'),
(218, 'MMG'),
(284, 'MML'),
(189, 'MMN'),
(141, 'MMN'),
(182, 'MMN'),
(288, 'MMN'),
(119, 'MMN'),
(121, 'MMN'),
(86, 'MMR'),
(148, 'MNF'),
(21, 'MRN'),
(245, 'MZA'),
(182, 'MZC'),
(157, 'MZC'),
(148, 'MZN'),
(86, 'MZW'),
(222, 'NYD'),
(175, 'NYD'),
(183, 'NYH'),
(148, 'NYH'),
(149, 'NYH'),
(216, 'NYL'),
(214, 'NYL'),
(152, 'NYL'),
(137, 'NYL'),
(142, 'NYL'),
(163, 'OBF'),
(167, 'OGS'),
(9, 'PBG'),
(19, 'PBG'),
(279, 'PBG'),
(294, 'PBG'),
(148, 'RCO'),
(194, 'RYP'),
(112, 'SBB'),
(89, 'SBB'),
(249, 'SBL'),
(122, 'SBP'),
(216, 'SBT'),
(165, 'SGD'),
(170, 'SGZ'),
(265, 'SMA'),
(20, 'SOK'),
(194, 'SPY'),
(49, 'SRA'),
(231, 'SSN'),
(232, 'SSN'),
(131, 'SSN (SEC)'),
(221, 'SSP'),
(5, 'SSP'),
(199, 'STD'),
(114, 'SUI'),
(250, 'SUI'),
(148, 'TCR'),
(192, 'TCR'),
(62, 'TFR'),
(21, 'VDR'),
(294, 'VGR'),
(192, 'VGR'),
(148, 'VST'),
(211, 'VYE'),
(2, 'ASI'),
(4, 'AUC'),
(20, 'AUN'),
(8, 'AXE'),
(4, 'AXG'),
(8, 'AXY'),
(2, 'BCN'),
(20, 'BCS'),
(6, 'BDL'),
(2, 'BFT'),
(20, 'BHE'),
(10, 'BLP'),
(40, 'BLT'),
(2, 'BMC'),
(2, 'BML'),
(40, 'BNJ'),
(40, 'BNR'),
(6, 'BOE'),
(2, 'BOY'),
(4, 'BRB'),
(4, 'BRI'),
(200, 'BSN'),
(20, 'BTH'),
(2, 'CAF'),
(8, 'CCL'),
(40, 'CCN'),
(6, 'CDA'),
(40, 'CEM'),
(4, 'CFO'),
(10, 'CHA'),
(8, 'CHF'),
(2, 'CHU'),
(40, 'CRM'),
(4, 'CRR'),
(40, 'CRW'),
(20, 'CTA'),
(2, 'CTH'),
(6, 'CTL'),
(8, 'CTS'),
(4, 'CVS'),
(2, 'DEC'),
(2, 'DES'),
(10, 'DID'),
(4, 'DJN'),
(10, 'DNA'),
(40, 'DNL'),
(20, 'DNN'),
(2, 'DOD'),
(60, 'DOU'),
(10, 'DOU'),
(6, 'DPT'),
(2, 'DPY'),
(20, 'DST'),
(8, 'DZE'),
(8, 'DZV'),
(2, 'EFA'),
(60, 'ENR'),
(10, 'ENR'),
(4, 'EPT'),
(20, 'EVN'),
(10, 'GSE'),
(10, 'HEG'),
(8, 'HUA'),
(20, 'IGN'),
(2, 'LEP'),
(20, 'LER'),
(40, 'LES'),
(10, 'LET'),
(2, 'LEX'),
(40, 'LFG'),
(200, 'LLK'),
(100, 'LLK'),
(2, 'LLS'),
(10, 'LLV'),
(2, 'LNV'),
(15, 'LPI'),
(8, 'LRI'),
(4, 'LRR'),
(2, 'LTO'),
(8, 'LUN'),
(4, 'LUV'),
(80, 'LXL'),
(2, 'LXL'),
(20, 'MEX'),
(110, 'MHI'),
(2, 'MLH'),
(6, 'MLI'),
(40, 'MLY'),
(20, 'MMD'),
(10, 'MMG'),
(60, 'MMN'),
(20, 'MMR'),
(2, 'MNF'),
(20, 'MRL'),
(8, 'MRN'),
(20, 'MSR'),
(200, 'MTG'),
(8000, 'MTZ'),
(2000, 'MTZ'),
(40, 'MUY'),
(10, 'MYS'),
(20, 'MZA'),
(4, 'MZE'),
(40, 'MZN'),
(10, 'MZO'),
(15, 'MZW'),
(40, 'NCY'),
(2, 'NHO'),
(6, 'NHX'),
(20, 'NYD'),
(80, 'NYH'),
(40, 'NYL'),
(110, 'NYO'),
(10, 'NYO'),
(6, 'NYO'),
(200, 'OBF'),
(2, 'OGS'),
(40, 'PBG'),
(10, 'PBG'),
(6, 'PPD'),
(2, 'PTS'),
(2, 'RSC'),
(4, 'RSD'),
(8, 'RSE'),
(6, 'RSE'),
(2, 'RYP'),
(100, 'SAS'),
(20, 'SBB'),
(6, 'SBE'),
(8, 'SBL'),
(40, 'SBP'),
(40, 'SBT'),
(1000, 'SGD'),
(1, 'SGH'),
(200, 'SGN'),
(2, 'SGS'),
(20, 'SGZ'),
(2, 'SLY'),
(100, 'SMO'),
(2, 'SNN'),
(40, 'SOB'),
(2, 'SPY'),
(20, 'SSN'),
(10, 'SSP'),
(110, 'STD'),
(10, 'STD'),
(6, 'STD'),
(40, 'SUI'),
(6, 'SUS'),
(6, 'SVE'),
(4, 'TLD'),
(20, 'TLF'),
(2, 'TRE'),
(40, 'TVE'),
(10, 'TVE'),
(10, 'TYB'),
(6, 'VDC'),
(40, 'VDN'),
(20, 'VDO'),
(2, 'VDR'),
(2, 'VGR'),
(6, 'VLD'),
(2, 'VRM'),
(4, 'VST'),
(20, 'VSU'),
(20, 'VYE'),
(2, 'WYB'),
(10, 'ZTM');

-- --------------------------------------------------------

--
-- Tabellenstruktur für Tabelle `quartiers`
--

DROP TABLE IF EXISTS `quartiers`;
CREATE TABLE IF NOT EXISTS `quartiers` (
  `Trigramme` varchar(255) COLLATE utf8_bin NOT NULL,
  `Adresse` varchar(255) COLLATE utf8_bin DEFAULT NULL,
  `Nom` varchar(255) COLLATE utf8_bin DEFAULT NULL,
  `Numero_BDD` int(11) DEFAULT NULL,
  `RFZ` varchar(255) COLLATE utf8_bin DEFAULT NULL,
  PRIMARY KEY (`Trigramme`),
  KEY `Quartiers_BDD_FK` (`Numero_BDD`)
) ENGINE=InnoDB DEFAULT CHARSET=utf8 COLLATE=utf8_bin;

--
-- Daten für Tabelle `quartiers`
--

INSERT INTO `quartiers` (`Trigramme`, `Adresse`, `Nom`, `Numero_BDD`, `RFZ`) VALUES
('ALT', NULL, 'ALLEMANT', 11, NULL),
('ASI', '2 RUE SAINTE CLAIRE, ARRAS 62000', 'ARRAS - SAINTE CLAIRE', 1, 'LILLE'),
('AUC', 'RUE DU PARC SAINT JEAN, AUTUN 71000', 'AUTUN - CHANGARNIER', 4, 'METZ'),
('AUN', '2 RUE GASTON JOLLIET, AUTUN 71000', 'AUTUN - GANGLOFF', 4, 'METZ'),
('AXE', 'PL DU 10 RI, AUXONNE 21000', 'AUXONNE - BONAPARTE', 4, 'METZ'),
('AXG', 'RUE LES GRANGES HAUTES, AUXONNE 21000', 'AUXONNE - GRANGES HAUTES', 4, 'METZ'),
('AXY', 'RUE DU 8 CHASSEURS, AUXONNE 21000', 'AUXONNE - MAREY MONGE', 4, 'METZ'),
('BAE', NULL, 'BITCHE - AYNIE', 7, NULL),
('BCN', '4 RUE DU GENERAL LECOURBE', 'BESANCON - CLEVANS', 4, 'METZ'),
('BCS', 'RTE DE BRIENNE, BRIENNE LE CHÂTEAU 10000', 'BRIENNE LE CHÂTEAU - SOISSE', 12, 'METZ'),
('BDL', 'ROUTE DU PETIT PORT', 'GENDARMERIE MARITIME', 1, NULL),
('BEP', NULL, 'BITCHE - PAGEZY', 3, NULL),
('BFT', 'LIEU DIT LE CHARGODIN', 'BEAUFREMONT', 4, 'METZ'),
('BHE', 'RTE DE WISSEMBOURG, BITCHE 57000', 'BITCHE', 7, 'STRASBOURG'),
('BLP', '70140 BROYES LES PESMES', 'BROYE LES PESMES', 4, NULL),
('BLT', 'AV D\'ALTKIRCH, BELFORT 90000', 'BELFORT - MAUD\'HUY', 9, 'METZ'),
('BMC', '30 BD CHATILLON', 'BOULOGNE SUR MER - CHATILLON', 1, 'LILLE'),
('BML', '32 BD CHATILLON, BOULOGNE SUR MER 62000', 'BOULOGNE SUR MER - LAGACHE', 1, 'LILLE'),
('BMO', NULL, 'BELGIQUE - MONS', 1, 'LILLE'),
('BNJ', 'RUE MAX VUILLEMIN, BESANCON 25000', 'BESANCON - JOFFRE', 4, 'METZ'),
('BNR', 'RTE DE DOLE', 'BESANCON - BRUN', 4, 'METZ'),
('BNY', NULL, 'BESANCON - LYAUTEY ANNEXE', 4, NULL),
('BOE', 'RUE BARON BUCAIL, BOULOGNE SUR MER 62000', 'BOULOGNE SUR MER - SEMAPHORE', 1, NULL),
('BOY', 'RTE DE BAR-LE-DUC, BOUY 51000', 'BOUY', 11, 'METZ'),
('BRB', '26 RUE BRADFER, BAR LE DUC 55000', 'BAR LE DUC - BRADFER', 10, 'METZ'),
('BRI', '29 BD RICHELIEU, BELFORT 90000', 'BELFORT - CIRFA TERRE', 9, 'METZ'),
('BSM', NULL, 'PAYS-BAS - BRUNSSUM', 1, NULL),
('BSN', '62 RUE BERSOT, BESANCON 25000', 'BESANCON - RUTY', 4, 'METZ'),
('BSU', NULL, NULL, NULL, 'LILLE'),
('BTE', NULL, 'LE KREMLIN BICETRE', 7, NULL),
('BTH', 'AV AS DE TREFLE, BELFORT 90000', 'BELFORT - FRIEDERICHS', 9, 'METZ'),
('CAF', '74 AV DE LA REPUBLIQUE', 'CHAUMONT - FOCH', 12, 'METZ'),
('CCC', NULL, NULL, 1, NULL),
('CCL', '1 A AV DU GAL SARRAIL, CHALONS EN CHAMPAGNE 51000', 'CHALONS EN CHAMPAGNE - SARRAIL', 11, 'METZ'),
('CCN', '75 AV DE PARIS, CHALON SUR SAONE 71000', 'CHALON SUR SAONE - CARNOT', 4, 'METZ'),
('CDA', '5 RUE DAMAS, CHARLEVILLE MEZIERES 8000', 'CHARLEVILLE MEZIERES - DAMAS', 2, 'LILLE'),
('CEL', NULL, 'CREPY EN LAONNOIS', 2, NULL),
('CEM', 'RUE DUMERBION, CHARLEVILLE MEZIERES 8000', 'CHARLEVILLE MEZIERES - DUMERBION', 2, 'LILLE'),
('CEY', NULL, 'COMMERCY', 10, NULL),
('CFA', NULL, NULL, 3, NULL),
('CFO', 'RUE DU BOIS FORTANT', 'CHARLEVILLE MEZIERES - FORTANT', 2, 'LILLE'),
('CHA', '3 RUE DE LA CHARRIERE', 'CHALONS EN CHAMPAGNE - CHARRIERE', 11, 'METZ'),
('CHF', '2 RUE CAMP D\'ATTILA', 'CHALONS EN CHAMPAGNE - FEVRIER', 11, 'METZ'),
('CHM', 'AV DE VALMY,  000', 'CHALONS EN CHAMPAGNE - CHANZY', 4, NULL),
('CHU', '10 RUE PASTEUR, CHALONS EN CHAMPAGNE 51000', 'CHALONS EN CHAMPAGNE - PASTEUR', 11, 'METZ'),
('CLG', NULL, 'METZ -  CHATEL SAINT GERMAIN', 3, NULL),
('CMT', NULL, 'CHAUMONT', 12, NULL),
('CPY', NULL, 'CREPEY', 6, NULL),
('CRE', NULL, 'CERDAGNE', 12, NULL),
('CRM', 'BA 132, MEYENHEIM 68000', 'COLMAR - MEYENHEIM', 5, 'STRASBOURG'),
('CRR', '16 AV DE LA LIBERTE, COLMAR 68000', 'COLMAR - Quartier Rapp', 5, 'STRASBOURG'),
('CRW', 'RUE DES BELGES, COLMAR 68000', 'COLMAR - WALTER', 5, 'STRASBOURG'),
('CSM', NULL, 'CARCASSONNE - SANTINI', 2, NULL),
('CTA', NULL, NULL, NULL, 'METZ'),
('CTH', '12 PL DES HALLES, CHAUMONT 52000', 'CHAUMONT - HALLES', 12, 'METZ'),
('CTL', 'RTE DEPARTEMENTALE 14\r\n', 'CURTIL SAINT SEINE', 4, NULL),
('CTS', 'RTE NATIONALE 19, CHATRES 10000', 'CHATRES', 11, 'METZ'),
('CVS', 'AV DE LA DIVISION LECLERC, CHENEVIERES 54000', 'CHENEVIERES - LASSALE', 6, 'METZ'),
('CYY', NULL, 'CONNANTRAY VAUREFROY', 11, NULL),
('DAE', NULL, 'ALLEMAGNE - DONAUESCHINGEN - ANTENNE', 5, NULL),
('DEC', '19 QU DE LA CITADELLE, DUNKERQUE 59000', 'DUNKERQUE - COMAR', 1, 'LILLE'),
('DES', 'RTE DE L\'ECLUSE DE GAULLE, DUNKERQUE 59000', 'DUNKERQUE - SEMAPHORE', 1, 'LILLE'),
('DID', 'RUE RHIN ET DANUBE, DOUAI 59000', 'DOUAI - DORIGNIES', 1, 'LILLE'),
('DJN', '24 AV GARIBALDI, DIJON 21000', 'DIJON - VAILLANT', 4, 'METZ'),
('DLY', NULL, 'ALLEMAGNE - DONAUESCHINGEN - LYAUTEY', 3, NULL),
('DNA', '99 RUE DU CAMP, DRACHENBRONN-BIRLENBACH 67000', 'DRACHENBRONN - HOCHWALD', 5, 'STRASBOURG'),
('DNC', 'CLEEBOURG\r\n', 'DRACHENBRONN - ILOT 3', 5, NULL),
('DNL', 'BA 102 \"CAPITAINE GUYNEMER\"\"\", DIJON 21000', 'DIJON - LONGVIC', 4, NULL),
('DNN', 'RUE LOUIS PETIT, DENAIN 59000', 'DENAIN', 1, 'LILLE'),
('DOD', 'RUE D\'ALBERGOTTI, DOUAI 59000', 'DOUAI - DESPRAT', 1, 'LILLE'),
('DOU', '25 RUE LEFEBVRE D\'ORVAL, DOUAI 59000', 'DOUAI - CORBINEAU', 1, 'LILLE'),
('DPT', '4 RUE DE LA TRANQUILITE', 'DUNKERQUE - PORT', 1, 'LILLE'),
('DPY', '23 QU DES JARDINS, DUNKERQUE 59000', 'DUNKERQUE - PAGESY', 1, 'LILLE'),
('DST', 'LAMPERTSLOCH', 'DRACHENBRONN - ILOT 4', 5, 'STRASBOURG'),
('DZE', ', DIEUZE 57000', 'DIEUZE - LYAUTEY', 7, 'STRASBOURG'),
('DZV', '1188 RUE SAI ALIX PRINCESSE NAPOLEON, DIEUZE 57000', 'DIEUZE - VERLIN', 7, 'STRASBOURG'),
('EAT', NULL, NULL, 3, NULL),
('EFA', 'CHE DEPARTEMENTAL 11, JEUXEY 88000', 'EPINAL - FORT DES ADELPHES', 6, 'METZ'),
('ELN', NULL, 'ESSEY LES NANCY', 6, NULL),
('ENO', NULL, 'ETAIN - NORD-OUEST', 10, NULL),
('ENR', 'RTE NATIONALE 406, 0 55000', 'ETAIN - ROUVRES', 10, 'METZ'),
('EPT', '1 AV DES TEMPLIERS, EPINAL 88000', 'EPINAL - TEMPLIERS', 8, 'METZ'),
('EVN', 'RUE DU 11 REGIMENT DU GENIE, EPINAL 88000', 'EPINAL - VARAIGNE', 8, 'METZ'),
('FLO', NULL, 'METZ - FORT LORRAINE', 3, NULL),
('GSE', '1 RUE DE LA GARE, GRESSWILLER 67000', 'GRESSWILLER', 5, 'STRASBOURG'),
('GSN', 'RUE DU FORT, AUDHIGEN 62000', 'AUDINGHEN', 1, 'LILLE'),
('GTN', NULL, 'GROSTENQUIN', 6, NULL),
('HDG', NULL, NULL, 10, NULL),
('HEG', 'RUE VICTOR HUGO', 'HETTANGE GRANDE', 3, 'METZ'),
('HGO', NULL, NULL, 4, NULL),
('HGU', NULL, 'HAGUENAU - THUROT', 5, NULL),
('HUA', '2 C PL DE LA TORTURE, HAGUENAU 67000', 'HAGUENAU - AIME', 5, 'STRASBOURG'),
('IGN', 'RTE DU RHIN, ILLKIRCH GRAFFENSTADEN 67000', 'ILLKIRCH GRAFFENSTADEN', 5, 'STRASBOURG'),
('LCG', NULL, NULL, 1, NULL),
('LCI', NULL, 'LILLE - CERCLE MIXTE', 1, NULL),
('LCN', NULL, 'LAON - COUVRON', 11, NULL),
('LEB', NULL, 'LILLE - BLEUTS', 1, NULL),
('LEP', '12 RUE JEAN SANS PEUR, LILLE 59000', 'LILLE - PREFECTURE', 1, 'LILLE'),
('LER', 'RUE DE LA CASERNE SAINT RUTH, LILLE 59000', 'LILLE - SAINT RUTH', 1, 'LILLE'),
('LES', 'RUE DU 43EME RI, LILLE 59000', 'LILLE - BOUFFLERS', 1, 'LILLE'),
('LET', '42 RUE DU MAGASIN, LILLE 59000', 'LILLE - BOULETS', 1, 'LILLE'),
('LEX', '45 RUE DE ROUBAIX, LILLE 59000', 'LILLE - ROUBAIX', 1, 'LILLE'),
('LFG', 'RTE NATIONALE 19, BELFORT 90000', 'LES FOUGERAIS Q. AILLERET', 9, 'METZ'),
('LGL', NULL, 'LILLE - JACQUEMARS GIELEE', 1, NULL),
('LLK', 'RUE DU PONT NEUF, LILLE 59000', 'LILLE - KLEBER PORTE DE GAND', 1, 'LILLE'),
('LLS', '7 PL DE L\'ANCIEN COLLEGE, LONS LE SAUNIER 39000', 'LONS LE SAUNIER', 4, 'METZ'),
('LLV', 'RUE LYDERIC, LILLE 59000', 'LILLE - VANDAMME', 1, 'LILLE'),
('LMI', NULL, NULL, 1, NULL),
('LNG', NULL, 'LANGRES', 4, NULL),
('LNV', '44 RUE VINCHON\r\n', 'LAON - VINCHON', 11, 'METZ'),
('LPI', '3 RUE BERNARD PALISSY, LILLE 59000', 'LILLE - PALISSY', 1, 'LILLE'),
('LRI', '20 SQ DU REDUIT, LILLE 59000', 'LILLE - REDUIT', 1, 'LILLE'),
('LRR', '42 RUE DU MAGASIN, LILLE 59000', 'LILLE - NEGRIER', 1, 'LILLE'),
('LTO', ', LE TOUQUET PARIS PLAGE 62000', 'LE TOUQUET PARIS PLAGE - AEROPORT', 1, 'LILLE'),
('LTV', NULL, NULL, 1, NULL),
('LUN', 'AV DU 30EME GROUPEMENT DE CHASSEURS', 'LUNEVILLE - BEAULIEU', 6, 'METZ'),
('LUV', '2 AV VOLTAIRE, LUNEVILLE 54000', 'LUNEVILLE - STAINVILLE', 6, 'METZ'),
('LVE', NULL, 'LUNEVILLE', 6, NULL),
('LVN', NULL, NULL, 11, NULL),
('LXL', 'BA 116 \"LIEUTENANT-COLONEL PAPIN\", LUXEUIL 70000', 'LUXEUIL LES BAINS', 8, 'STRASBOURG'),
('MCI', NULL, 'METZ - COLLIN', 3, NULL),
('MDD', NULL, NULL, 3, NULL),
('MEX', 'RUE FERRE, CRISSEY 71000', 'CRISSEY - MORETEAUX', 4, 'METZ'),
('MEZ', NULL, NULL, NULL, 'METZ'),
('MGI', NULL, 'MOURMELON - GALLIENI', 11, NULL),
('MHI', '27 AV DES PLANTIERES, METZ 57000', 'METZ - LEGOUEST', 3, 'METZ'),
('MHM', NULL, 'ALLEMAGNE - MULLHEIM', 5, NULL),
('MIE', NULL, NULL, NULL, 'METZ'),
('MLH', '1 A RUE VAUBAN, MULHOUSE 68000', 'MULHOUSE', 5, 'STRASBOURG'),
('MLI', 'RTE D\'AMANVILLER, CHATEL ST GERMAIN 57000', 'METZ - LA FOLIE', 3, 'METZ'),
('MLY', 'CAMP MILITAIRE, MAILLY 10000', 'MAILLY - CAMP', 11, 'METZ'),
('MMC', NULL, 'MOURMELON - LECLERC', 11, NULL),
('MMD', 'QUA DELESTRAINT, MOURMELON LE GRAND 51000', 'MOURMELON - DELESTRAINT', 11, 'METZ'),
('MMG', 'RTE DEPARTEMENTALE 19, MOURMELON LE PETIT 51000', 'MOURMELON - SAUVAGE', 11, 'METZ'),
('MML', NULL, 'MOURMELON - LOANO', 11, NULL),
('MMN', 'QUA JOFFRE, MOURMELON LE GRAND 51000', 'MOURMELON - QUARTIER JOFFRE', 11, 'METZ'),
('MMR', 'RTE DEPARTEMENTAL 21', 'MOURMELON - FEQUANT', 11, NULL),
('MMU', 'RTE DEPARTEMENTAL 21,  000', 'MOURMELON - FEQUANT', 11, 'METZ'),
('MNC', NULL, 'MARTINIQUE - MORNE ACA', 11, NULL),
('MNF', 'RUE DE FLACE, MACON 71000', 'MACON - FLACE', 4, 'METZ'),
('MRL', '28 AV DU GENERAL FRANIATTE, MONTIGNY LES METZ 57000', 'METZ - RAFFENEL', 3, 'METZ'),
('MRN', 'RUE DE NEUBOURG, HAGUENAU 67000', 'MERTZWILLER NEUBOURG', 5, 'METZ'),
('MRR', NULL, 'METZ - REMPART', 3, NULL),
('MSR', '2 AV DE BLIDA, METZ 57000', 'METZ - SERRE DE RIVIERES', 3, 'METZ'),
('MTG', 'RUE DE CAMP, MUTZIG 67000', 'MUTZIG - LEGER', 5, 'STRASBOURG'),
('MTZ', 'AV DE LATTRE DE TASSIGNY, METZ 57000', 'METZ - DE LATTRE', 3, 'METZ'),
('MUC', NULL, NULL, 5, NULL),
('MUM', NULL, 'MUTZIG - MOLSHEIM', 5, NULL),
('MUY', 'RTE DE STRASBOURG, MUTZIG 67000', 'MUTZIG - MOUSSY', 5, 'STRASBOURG'),
('MYS', 'CAMP MILITAIRE', 'MAILLY - SENARMONT', 11, NULL),
('MZA', '10 RUE D\'ASFELD, METZ 57000', 'METZ - ASFELD', 3, 'METZ'),
('MZB', NULL, 'METZ - BETTANNIER', 3, NULL),
('MZC', NULL, 'METZ - COLIN', 3, 'METZ'),
('MZE', 'RTE DE JOUY, MOULINS LES METZ 57000', 'MOULINS LES METZ TOURNEBRIDE', 3, 'METZ'),
('MZL', NULL, 'METZ - LEIPZIG', 3, NULL),
('MZN', 'PL DE LA REPUBLIQUE, METZ 57000', 'METZ - NEY', 3, 'METZ'),
('MZO', '8 RUE AUX OURS', 'METZ - OURS', 3, 'METZ'),
('MZR', NULL, 'METZ - REYMOND', 3, NULL),
('MZW', 'RTE BELLEVUE', 'METZ - WOIPPY', 3, 'METZ'),
('NCY', '8 RUE DU SERGENT BLANDAN, NANCY 54000', 'NANCY - VERNEAU', 6, 'METZ'),
('NHO', 'RUE DU GENERAL HAXO', 'NANCY - HAXO', 6, 'METZ'),
('NHX', 'MONT SAINT-FRIEUX', 'MONT ST FRIEUX - RADAR SPATIONAV', 1, 'LILLE'),
('NSE', NULL, 'NEUILLY SUR SEINE', 3, NULL),
('NSN', NULL, 'NORVEGE - STAVANGER', 1, NULL),
('NVE', NULL, 'NANCY - VANDOEUVRE', 6, NULL),
('NYD', '8 RUE DU 8 RGT D\'ARTILLERIE, VANDOEUVRE LES NANCY 54000', 'NANCY - DROUOT', 6, 'METZ'),
('NYH', '47 AV SAINTE CATHERINE, NANCY 54000', 'NANCY - THIRY', 6, 'METZ'),
('NYL', '78 RUE DU SERGENT BLANDAN, NANCY 54000', 'NANCY - BLANDAN', 6, 'METZ'),
('NYO', 'RTE DEPARTEMENTALE 904, OCHEY 54000', 'NANCY - OCHEY', 6, NULL),
('OBF', 'RTE DE SCHIRREIM, HAGUENAU 67000', 'OBERHOFFEN', 5, 'STRASBOURG'),
('OGS', 'RTE NATIONALE 65', 'ORGES', 12, 'METZ'),
('ONU', NULL, NULL, 3, NULL),
('PBG', 'RN 4 - BOURSCHEID, BOURSCHEID 57000', 'PHALSBOURG - LA HORIE', 7, 'STRASBOURG'),
('PCH', NULL, 'PARIS - CHAMPERRET', 3, NULL),
('PCM', NULL, NULL, 3, NULL),
('PGD', NULL, 'PHALSBOURG - NORD', 7, NULL),
('PGO', NULL, 'PHALSBOURG - OUEST', 7, NULL),
('PPC', NULL, NULL, NULL, 'LILLE'),
('PPD', 'Port de Dunkerque', 'PSMP DUNKERQUE', 1, 'LILLE'),
('PPE', NULL, 'PARIS - PEPINIERE', 3, NULL),
('PTS', 'RUE DE TAGNON, PERTHES 8000', 'PERTHES', 11, 'METZ'),
('RMF', NULL, NULL, 3, NULL),
('RSC', 'RTE DEPARTEMENTALE 966', 'REIMS - CHAMPAGNE', 11, 'METZ'),
('RSD', 'RUE DESAUBEAU', 'REIMS - DESABEAU', 11, 'METZ'),
('RSE', '2 RUE ALBERTO SANTOS DUMONT, REIMS 51000', 'REIMS - ESSILLARDS', 11, 'METZ'),
('RSS', NULL, 'REIMS - SILLERY', 11, NULL),
('RYP', '90 PSIR 90/113, PRUNAY BELLEVILLE 10000', 'ROMILLY PRUNAY BELLEVILLE', 12, 'METZ'),
('SAS', 'RUE JACQUES KABLE, STRASBOURG 67000', NULL, 5, 'STRASBOURG'),
('SBB', '11 RUE BRULEE, STRASBOURG 67000', 'STRASBOURG - BRULEE', 5, 'STRASBOURG'),
('SBE', '17 PL BROGLIE, STRASBOURG 67000', 'STRASBOURG - BROGLIE', 5, 'STRASBOURG'),
('SBL', 'RUE DU GENERAL PICQUART, STRASBOURG 67000', 'STRASBOURG - LECOURBE', 5, 'STRASBOURG'),
('SBP', '13 RUE DE PHALSBOURG, STRASBOURG 67000', 'STRASBOURG - PHALSBOURG', 5, 'STRASBOURG'),
('SBT', '42 RUE LAUTH, STRASBOURG 67000', 'STRASBOURG - TURENNE', 5, 'STRASBOURG'),
('SFA', NULL, 'SUIPPES - FAYOLLE', 11, NULL),
('SFR', NULL, 'SUIPPES - FERRIE', 11, NULL),
('SGA', NULL, 'STRASBOURG - AUBERT DE VINCELLES', 5, NULL),
('SGD', '2 RUE DU CORPS EUROPEEN, STRASBOURG 67000', 'STRASBOURG - MEDARD', 5, 'STRASBOURG'),
('SGH', 'RTE DE HESSE', 'SARREBOURG - HESSE', 7, 'STRASBOURG'),
('SGI', NULL, 'SARREBOURG - INFIRMERIE', 7, NULL),
('SGN', '37 BD CLEMENCEAU, STRASBOURG 67000', 'STRASBOURG - STIRN', 5, 'STRASBOURG'),
('SGS', '3 RUE DE SAALES, STRASBOURG 67000', 'STRASBOURG - SAALES', 5, 'STRASBOURG'),
('SGZ', 'RTE DU NEUHOF, STRASBOURG 67000', 'STRASBOURG - LIZE', 5, 'STRASBOURG'),
('SLY', '42 RTE DU NEUHOF', 'STRASBOURG - LIAUTEY\r\n', 5, NULL),
('SMG', '3 RUE DE LA MESANGE,  000', 'STRASBOURG - MESANGE', 5, NULL),
('SMO', 'QUA GAL D\'ABOVILLE, SEMOUTIERS MONTSAON 52000', 'SEMOUTIERS MONTSAON', 3, 'METZ'),
('SNN', 'QUA LA MALMAISON, SISSONNE 2000', 'SISSONNE - MALMAISON', 11, 'METZ'),
('SOB', 'avenue Gambetta, SARREBOURG 57000', 'SARREBOURG - RABIER', 7, NULL),
('SOK', NULL, 'SARREBOURG - CHOLESKY', 7, NULL),
('SPY', 'RD 977, SOMMEPY TAHURE 51000', 'SOMMEPY', 11, 'METZ'),
('SRG', 'RTE DE PHALSBOURG,  000', 'SARREBOURG - TOURRET', 7, 'STRASBOURG'),
('SSN', 'QUA D\'ORLEANS - CAMP DE SISSONNE, SISSONNE 2000', 'SISSONNE - ORLEANS', 11, 'METZ'),
('SSP', 'RTE DEPARTEMENTALE 77, SUIPPES 51000', 'SUIPPES - PIEMONT', 11, 'METZ'),
('STD', 'BA 113 \"COMMANDANT ANTOINE DE ST EXUPE, SAINT DIZIER 52000', 'SAINT DIZIER', 12, 'METZ'),
('STV', NULL, 'SAINT VAAST LA HOUGUE - SEMAPHORE', 8, NULL),
('SUI', 'AV DE LA BUTTE DE TAHURE, SUIPPES 51000', 'SUIPPES - FOCH', 11, 'METZ'),
('SUS', 'TOU AIR-SOL CAMP MILITAIRE DE SUIPPES, SUIPPES 51000', 'SUIPPES', 11, 'METZ'),
('SUT', NULL, NULL, 5, NULL),
('SVE', 'FORT DE SERVANCE - BALLON DE SERVANCE, SAINT MAURICE SUR MOSELLE 88000', 'SERVANCE', 8, NULL),
('TCE', '4 RUE DE CASTENAU', 'THIONVILLE - CASTENAU', 3, NULL),
('TLD', 'RUE DE LA GARE, DOMGERMAIN 54000', 'TOUL - DOMGERMAIN', 6, 'METZ'),
('TLF', 'AV MARECHAL JOFFRE, ECROUVES 54000', 'TOUL - ECROUVES - FABVIER', 6, 'METZ'),
('TRE', 'CHE DE SUROTTE', 'BESANCON - THORAISE', 4, 'METZ'),
('TVE', 'BD DU 20EME CORPS AMERICAIN, THIONVILLE 57000', 'THIONVILLE - JEANNE D\'ARC', 3, 'METZ'),
('TYB', 'RUE DU 1 RGT DE CHASSEURS A PIED, TROYES 10000', 'TROYES - BEURNONVILLE', 11, 'METZ'),
('VAE', '54 RUE DE LILLE,  000', 'VALENCIENNES - VINCENT', 1, NULL),
('VAQ', NULL, 'VILLENEUVE D’ASCQ', 1, NULL),
('VBG', NULL, NULL, NULL, 'STRASBOURG'),
('VDC', ' IS SUR TILLE, VALDUC 21000', 'SALIVES - VALDUC', 4, NULL),
('VDN', 'AV PIERRE GOUBET, THIERVILLE SUR MEUSE 55000', 'VERDUN - MAGINOT', 10, 'METZ'),
('VDO', ', VALDAHON 25000', 'VALDAHON - GALLIENI', 4, 'METZ'),
('VDR', 'RTE D 903, SOMMEDIEUE 55000', 'VERDUN - ROZELIER', 10, 'METZ'),
('VEM', NULL, NULL, 1, NULL),
('VGR', '38 RUE DE LA 7EME DB USA', 'VERDUN - GOUVERNEUR', 10, 'METZ'),
('VLD', 'RTE DE POUY SUR VANNES', 'VILLADIN', 12, 'METZ'),
('VNG', NULL, 'VERDUN - GRIBEAUVAL', 10, NULL),
('VRM', '20 RUE DES PECHEURS', 'VILLERS SEMEUSE', 2, 'LILLE'),
('VSL', NULL, 'VESOUL', 8, NULL),
('VST', '19 RUE DE L ABBE VICTOR SENEZ', 'VALENCIENNES - SENET', 1, 'LILLE'),
('VSU', 'STATION DE VOUZIERS SECHAULT, GRANDPRE 8000', 'VOUZIERS - SECHAULT', 11, 'METZ'),
('VYE', '8 RTE D\'ALSACE LORRAINE, MAROLLES 51000', 'VITRY LE FRANCOIS', 12, 'METZ'),
('WYB', '1 RTE DE ROMBAS BELLEVUE, WOIPPY 57000', 'WOIPPY - BELLEVUE', 3, 'METZ'),
('ZTM', NULL, 'ZONE TECHNIQUE MAILLY LE CAMP', 11, 'METZ');

-- --------------------------------------------------------

--
-- Tabellenstruktur für Tabelle `travaux_mim3`
--

DROP TABLE IF EXISTS `travaux_mim3`;
CREATE TABLE IF NOT EXISTS `travaux_mim3` (
  `Id8_trv_mim` int(11) NOT NULL AUTO_INCREMENT,
  `Date` date NOT NULL,
  `Etat` tinyint(1) NOT NULL,
  `Debit_futur` varchar(11) COLLATE utf8_bin DEFAULT NULL,
  `Id_mim` int(11) DEFAULT NULL,
  `Dateintervalle` date DEFAULT NULL,
  `Debit` int(11) DEFAULT NULL,
  PRIMARY KEY (`Id8_trv_mim`),
  KEY `Id_mim` (`Id_mim`)
) ENGINE=InnoDB AUTO_INCREMENT=30 DEFAULT CHARSET=utf8 COLLATE=utf8_bin;

--
-- Daten für Tabelle `travaux_mim3`
--

INSERT INTO `travaux_mim3` (`Id8_trv_mim`, `Date`, `Etat`, `Debit_futur`, `Id_mim`, `Dateintervalle`, `Debit`) VALUES
(1, '2021-11-20', 1, '20', 18, '2022-02-18', 2),
(2, '2021-11-20', 1, '20', 258, '2022-02-18', 2),
(3, '2021-11-20', 1, '20', 7, '2022-02-18', 2),
(4, '2021-11-20', 1, '20', 59, '2022-02-18', 2),
(5, '2021-11-20', 1, '20', 103, '2022-02-18', 2),
(6, '2021-11-20', 1, '20', 150, '2022-02-18', 2),
(7, '2021-11-20', 1, '20', 235, '2022-02-18', 2),
(8, '2021-11-20', 1, '20', 38, '2022-02-18', 2),
(9, '2021-11-20', 1, '20', 112, '2022-02-18', 2),
(10, '2021-11-20', 1, '20', 71, '2022-02-18', 2),
(11, '2021-11-20', 1, '20', 13, '2022-02-18', 2),
(12, '2021-11-20', 1, '20', 50, '2022-02-18', 4),
(13, '2021-11-20', 1, '20', 85, '2022-02-18', 2),
(14, '2021-11-20', 1, '20', 177, '2022-02-18', 2),
(15, '2021-11-20', 1, '20', 256, '2022-02-18', 2),
(16, '2021-11-20', 1, '20', 176, '2022-02-18', 4),
(17, '2021-11-20', 1, '20', 222, '2022-02-18', 4),
(18, '2021-11-20', 1, '50', 188, '2022-02-18', 4),
(19, '2021-11-20', 1, '20', 41, '2022-02-18', 2),
(20, '2021-11-20', 1, '50', 106, '2022-02-18', 4),
(21, '2021-11-20', 1, '50', 88, '2022-02-18', 2),
(22, '2021-11-20', 1, '50', 97, '2022-02-18', 8),
(23, '2021-11-20', 1, '50', 27, '2022-02-18', 4),
(24, '2021-11-20', 1, '20', 254, '2022-02-18', 2),
(25, '2021-11-20', 1, '20', 15, '2022-02-18', 2),
(26, '2021-11-20', 1, '20', 31, '2022-02-18', 2),
(27, '2021-11-20', 1, '20', 33, '2022-02-18', 2),
(28, '2021-11-20', 1, '20', 78, '2022-02-18', 2),
(29, '2026-11-26', 1, '20', 213, '2027-02-24', 4);

-- --------------------------------------------------------

--
-- Tabellenstruktur für Tabelle `travaux_opera`
--

DROP TABLE IF EXISTS `travaux_opera`;
CREATE TABLE IF NOT EXISTS `travaux_opera` (
  `Id_trv_opera` int(11) NOT NULL AUTO_INCREMENT,
  `Date` date DEFAULT NULL,
  `Debit` int(11) DEFAULT NULL,
  `Debit_futur` varchar(11) COLLATE utf8_bin DEFAULT NULL,
  `Etat` tinyint(1) NOT NULL,
  `Id_opera` int(11) DEFAULT NULL,
  PRIMARY KEY (`Id_trv_opera`),
  KEY `Travaux_Opera_OPERA_FK` (`Id_opera`)
) ENGINE=InnoDB AUTO_INCREMENT=120 DEFAULT CHARSET=utf8 COLLATE=utf8_bin;

--
-- Daten für Tabelle `travaux_opera`
--

INSERT INTO `travaux_opera` (`Id_trv_opera`, `Date`, `Debit`, `Debit_futur`, `Etat`, `Id_opera`) VALUES
(1, '2018-06-15', 4, '20', 0, 3),
(2, '2018-03-09', 8, '20', 1, 4),
(3, '2018-11-20', NULL, '6', 0, 9),
(4, '2017-02-02', 6, '20', 0, 11),
(5, '2018-11-20', 6, '20', 0, 13),
(6, '2019-02-19', 20, '40', 0, 13),
(7, '2019-09-11', 20, '40', 0, 16),
(8, '2018-11-20', 10, '40', 0, 17),
(9, '2018-11-20', 2, '6', 0, 18),
(10, '2017-07-24', 2, '4', 0, 20),
(11, '2019-02-19', 6, '20', 0, 23),
(12, '2017-02-02', 1, '2', 0, 24),
(13, '2018-06-15', 2, '8', 0, 25),
(14, '2018-11-20', 10, '40', 0, 26),
(15, '2019-04-01', 10, '20', 0, 26),
(16, '2017-07-24', 2, '9', 0, 27),
(17, '2019-02-19', 10, '40', 0, 28),
(18, '2017-03-14', 2, '8', 0, 31),
(19, '2019-02-19', 10, '40', 0, 33),
(20, '2019-07-02', 4, '20', 1, 34),
(21, '2018-06-15', 10, '40', 0, 35),
(22, '2017-11-30', NULL, '20', 0, 36),
(23, '2017-07-24', 4, '8', 0, 39),
(24, '2018-11-20', 2, '6', 1, 42),
(25, '2018-06-15', NULL, '10', 0, 50),
(26, '2018-06-15', 20, '60', 0, 49),
(27, '2017-11-30', NULL, '20', 0, 53),
(28, '2017-03-14', 2, '8', 0, 54),
(29, '2020-10-13', 8, '20', 1, 54),
(30, '2017-03-14', 1, '8', 0, 55),
(31, '2020-02-07', 1, '8', 1, 55),
(32, '2018-08-03', 2, '10', 1, 56),
(33, '2018-03-09', 10, '60', 0, 57),
(34, '2018-11-20', 8, '20', 0, 60),
(35, '2017-07-24', 4, '10', 0, 62),
(36, '2020-03-06', NULL, '10', 0, 63),
(37, '2017-07-24', 1, '2', 0, 64),
(38, '2019-07-02', 2, '8', 0, 64),
(39, '2017-10-25', 10, '20', 0, 65),
(40, '2017-02-02', 8, '20', 0, 67),
(41, '2019-02-19', 8, '40', 0, 68),
(42, '2017-07-24', 2, '9', 0, 69),
(43, '2019-04-01', 1, '2', 0, 70),
(44, '2017-10-25', 10, '40', 0, 71),
(45, '2019-05-19', NULL, '100', 0, 73),
(46, '2019-09-11', 200, '500', 1, 72),
(47, '2017-07-24', 2, '10', 0, 75),
(48, '2019-09-11', 2, '6', 1, 76),
(49, '2018-06-15', 4, '15', 0, 77),
(50, '2019-02-08', 2, '6', 1, 80),
(51, '2018-06-15', 8, '20', 1, 81),
(52, '2018-06-15', NULL, '10', 1, 81),
(53, '2017-03-14', 20, '80', 0, 83),
(54, '2019-09-11', 10, '20', 0, 85),
(55, '2019-02-19', 10, '110', 0, 86),
(56, '2018-06-15', 2, '6', 1, 87),
(57, '2017-10-25', 20, '40', 0, 89),
(58, '2018-11-20', 8, '20', 0, 90),
(59, '2018-03-09', 20, '60', 0, 92),
(60, '2019-12-02', 20, '', 0, 93),
(61, '2018-03-09', 10, '20', 0, 95),
(62, '2019-07-02', 4, '8', 0, 96),
(63, '2018-06-15', 6, '20', 0, 97),
(64, '2017-03-14', 6, '20', 0, 98),
(65, '2017-10-25', NULL, '200', 0, 98),
(66, '2017-02-02', NULL, '1000', 0, 100),
(67, '2018-03-09', 1000, '2000', 0, 100),
(68, '2019-02-08', 1000, '8000', 0, 99),
(69, '2019-09-11', NULL, '8000', 0, 99),
(70, '2018-11-20', 10, '40', 0, 101),
(71, '2017-07-24', 2, '10', 0, 102),
(72, '2018-06-15', 10, '20', 0, 105),
(73, '2019-02-19', 20, '40', 0, 105),
(74, '2017-02-02', 2, '10', 0, 106),
(75, '2018-01-24', 6, '20', 0, 107),
(76, '2017-10-25', 8, '20', 0, 111),
(77, '2018-06-15', 40, '110', 0, 114),
(78, '2017-10-25', 40, '200', 0, 117),
(79, '2017-07-24', 1, '2', 0, 118),
(80, '2019-09-11', 2, '6', 1, 118),
(81, '2017-07-24', 20, '40', 0, 119),
(82, '2018-11-20', NULL, '6', 0, 121),
(83, '2017-02-02', 2, '10', 1, 123),
(84, '2017-07-24', 2, '8', 0, 125),
(85, '2018-11-20', 2, '8', 1, 130),
(86, '2017-10-26', NULL, '200', 0, 131),
(87, '2019-04-01', 200, '100', 0, 131),
(88, '2018-06-15', 4, '8', 0, 132),
(89, '2018-11-20', 8, '20', 1, 132),
(90, '2018-06-15', 2, '6', 0, 133),
(91, '2019-07-02', 4, '8', 0, 134),
(92, '2019-07-02', 10, '40', 0, 135),
(93, '2019-02-08', 500, '1000', 0, 137),
(94, '2018-06-15', 1, '6', 1, 138),
(95, '2018-06-15', 2, '8', 1, 140),
(96, '2018-11-20', 4, '20', 0, 141),
(97, '2017-02-02', 20, '100', 0, 143),
(98, '2018-11-20', 8, '20', 0, 147),
(99, '2017-07-24', 2, '4', 0, 148),
(100, '2018-08-03', 4, '10', 0, 148),
(101, '2018-03-09', 40, '110', 0, 149),
(102, '2018-06-15', 10, '40', 0, 152),
(103, '2019-07-02', 6, '40', 1, 154),
(104, '2017-02-02', 4, '20', 1, 155),
(105, '2018-06-15', 20, '40', 1, 155),
(106, '2018-06-15', 10, '20', 0, 156),
(107, '2018-06-15', 10, '20', 0, 158),
(108, '2018-06-15', NULL, '10', 0, 159),
(109, '2018-11-20', 20, '40', 0, 158),
(110, '2017-10-25', 2, '10', 0, 160),
(111, '2018-06-15', 2, '6', 0, 161),
(112, '2018-03-09', 10, '20', 0, 162),
(113, '2019-02-19', 20, '40', 0, 162),
(114, '2020-03-06', 40, '40', 1, 162),
(115, '2020-03-06', 20, '40', 1, 163),
(116, '2018-08-03', 2, '8', 1, 164),
(117, '2019-04-01', 6, '20', 0, 170),
(118, '2017-07-24', 1, '2', 0, 171),
(119, '2019-02-19', NULL, '10', 0, 172);

-- --------------------------------------------------------

--
-- Tabellenstruktur für Tabelle `utilisateur`
--

DROP TABLE IF EXISTS `utilisateur`;
CREATE TABLE IF NOT EXISTS `utilisateur` (
  `Id_utilisateur` int(11) NOT NULL AUTO_INCREMENT,
  `Login` varchar(255) COLLATE utf8_bin NOT NULL,
  `pwd` varchar(255) COLLATE utf8_bin NOT NULL,
  `Role` varchar(10) COLLATE utf8_bin NOT NULL DEFAULT '',
  PRIMARY KEY (`Id_utilisateur`)
) ENGINE=InnoDB AUTO_INCREMENT=7 DEFAULT CHARSET=utf8 COLLATE=utf8_bin;

--
-- Daten für Tabelle `utilisateur`
--

INSERT INTO `utilisateur` (`Id_utilisateur`, `Login`, `pwd`, `Role`) VALUES
(1, 'test', '098f6bcd4621d373cade4e832627b4f6', ''),
(2, 'Admin', '21232f297a57a5a743894a0e4a801fc3', '*'),
(3, 'BRC', '098f6bcd4621d373cade4e832627b4f6', 'BRC'),
(4, 'BPT', '098f6bcd4621d373cade4e832627b4f6', 'BPT'),
(5, 'OPERA', '098f6bcd4621d373cade4e832627b4f6', 'BCS'),
(6, 'MIM3', '098f6bcd4621d373cade4e832627b4f6', 'BCS');

-- --------------------------------------------------------

--
-- Stellvertreter-Struktur des Views `v_export`
-- (Siehe unten für die tatsächliche Ansicht)
--
DROP VIEW IF EXISTS `v_export`;
CREATE TABLE IF NOT EXISTS `v_export` (
`Numero_BDD` int(11)
,`Libelle` varchar(255)
,`Trigramme` varchar(255)
,`Nom_Quartier` varchar(255)
,`Id_organisme` int(11)
,`Nom_Organisme` varchar(255)
,`ID` int(11)
,`Type` varchar(255)
,`Debit` varchar(255)
,`NbTrv` decimal(23,0)
);

-- --------------------------------------------------------

--
-- Stellvertreter-Struktur des Views `v_mim3`
-- (Siehe unten für die tatsächliche Ansicht)
--
DROP VIEW IF EXISTS `v_mim3`;
CREATE TABLE IF NOT EXISTS `v_mim3` (
`Id_mim` int(11)
,`Type` varchar(255)
,`Debit` varchar(255)
,`Id_organisme` int(11)
,`Master_ID` varchar(255)
,`Etat` tinyint(4)
,`IP_PFS` varchar(255)
,`IP_LAN_SUBNET` varchar(255)
,`Trigramme` varchar(255)
,`Id8_trv_mim` int(11)
,`Date` date
,`EtatTrv` tinyint(1)
,`Debit_futur` varchar(11)
,`Dateintervalle` date
,`Nom_Organisme` varchar(255)
);

-- --------------------------------------------------------

--
-- Stellvertreter-Struktur des Views `v_organisme`
-- (Siehe unten für die tatsächliche Ansicht)
--
DROP VIEW IF EXISTS `v_organisme`;
CREATE TABLE IF NOT EXISTS `v_organisme` (
`Id_organisme` int(11)
,`Trigramme` varchar(255)
,`Nom` varchar(255)
);

-- --------------------------------------------------------

--
-- Struktur des Views `bnr`
--
DROP TABLE IF EXISTS `bnr`;

CREATE ALGORITHM=UNDEFINED DEFINER=`root`@`localhost` SQL SECURITY DEFINER VIEW `bnr`  AS  select `bnrs`.`Id_bnr` AS `Id_bnr`,`bnrs`.`Numero_ASAP` AS `Numero_ASAP`,`bnrs`.`Numero_PDC` AS `Numero_PDC`,`bnrs`.`Numero_rang` AS `Numero_rang`,`bnrs`.`Description` AS `Objectifs`,`bnrs`.`Montant_FEB` AS `Montant_FEB`,`bnrs`.`Description_service` AS `Description_service`,`bnrs`.`Date_retour_DTS` AS `Date_retour_DTS`,`bnrs`.`Point_de_situation` AS `Point_de_situation`,`bnrs`.`Id_organisme` AS `Id_organisme` from `bnrs` where (`bnrs`.`Etat` = 0) ;

-- --------------------------------------------------------

--
-- Struktur des Views `bnr_prevision`
--
DROP TABLE IF EXISTS `bnr_prevision`;

CREATE ALGORITHM=UNDEFINED DEFINER=`root`@`localhost` SQL SECURITY DEFINER VIEW `bnr_prevision`  AS  select `bnrs`.`Id_bnr` AS `Id_bnr_prevision`,`bnrs`.`Montant_estime` AS `Montant_estime`,`bnrs`.`Description` AS `Description`,`bnrs`.`Date_de_demande` AS `Date_de_demande`,`bnrs`.`Date_d_echeance` AS `Date_d_echeance`,`bnrs`.`Id_organisme` AS `Id_organisme` from `bnrs` where (`bnrs`.`Etat` = 1) ;

-- --------------------------------------------------------

--
-- Struktur des Views `v_export`
--
DROP TABLE IF EXISTS `v_export`;
-- Fehler beim Lesen der Struktur von Tabelle bdd-dirisi.v_export: #1046 - Keine Datenbank ausgewählt

-- --------------------------------------------------------

--
-- Struktur des Views `v_mim3`
--
DROP TABLE IF EXISTS `v_mim3`;

CREATE ALGORITHM=UNDEFINED DEFINER=`root`@`localhost` SQL SECURITY DEFINER VIEW `v_mim3`  AS  select `t1`.`Id_mim` AS `Id_mim`,`t1`.`Type` AS `Type`,`t1`.`Debit` AS `Debit`,`t1`.`Id_organisme` AS `Id_organisme`,`t1`.`Master_ID` AS `Master_ID`,`t1`.`Etat` AS `Etat`,`t1`.`IP_PFS` AS `IP_PFS`,`t1`.`IP_LAN_SUBNET` AS `IP_LAN_SUBNET`,`t1`.`Trigramme` AS `Trigramme`,`t1`.`Id8_trv_mim` AS `Id8_trv_mim`,`t1`.`Date` AS `Date`,`t1`.`EtatTrv` AS `EtatTrv`,`t1`.`Debit_futur` AS `Debit_futur`,`t1`.`Dateintervalle` AS `Dateintervalle`,`organisme`.`Nom` AS `Nom_Organisme` from (`organisme` join (select `mim3`.`Id_mim` AS `Id_mim`,`mim3`.`Type` AS `Type`,`mim3`.`Debit` AS `Debit`,`mim3`.`Id_organisme` AS `Id_organisme`,`mim3`.`Master_ID` AS `Master_ID`,`mim3`.`Etat` AS `Etat`,`mim3`.`IP_PFS` AS `IP_PFS`,`mim3`.`IP_LAN_SUBNET` AS `IP_LAN_SUBNET`,`mim3`.`Trigramme` AS `Trigramme`,`travaux_mim3`.`Id8_trv_mim` AS `Id8_trv_mim`,`travaux_mim3`.`Date` AS `Date`,`travaux_mim3`.`Etat` AS `EtatTrv`,`travaux_mim3`.`Debit_futur` AS `Debit_futur`,`travaux_mim3`.`Dateintervalle` AS `Dateintervalle` from (`travaux_mim3` join `mim3` on((`travaux_mim3`.`Id_mim` = `mim3`.`Id_mim`)))) `t1` on((`t1`.`Id_organisme` = `organisme`.`Id_organisme`))) ;

-- --------------------------------------------------------

--
-- Struktur des Views `v_organisme`
--
DROP TABLE IF EXISTS `v_organisme`;

CREATE ALGORITHM=UNDEFINED DEFINER=`root`@`localhost` SQL SECURITY DEFINER VIEW `v_organisme`  AS  select distinct `organisme_quartiers`.`Id_organisme` AS `Id_organisme`,`organisme_quartiers`.`Trigramme` AS `Trigramme`,`organisme`.`Nom` AS `Nom` from (`organisme_quartiers` join `organisme` on((`organisme_quartiers`.`Id_organisme` = `organisme`.`Id_organisme`))) ;

--
-- Constraints der exportierten Tabellen
--

--
-- Constraints der Tabelle `bnrs`
--
ALTER TABLE `bnrs`
  ADD CONSTRAINT `IDOrganisme_FK` FOREIGN KEY (`Id_organisme`) REFERENCES `organisme` (`Id_organisme`),
  ADD CONSTRAINT `Trigamme_FK` FOREIGN KEY (`Trigramme`) REFERENCES `quartiers` (`Trigramme`) ON DELETE NO ACTION ON UPDATE NO ACTION;

--
-- Constraints der Tabelle `mim3`
--
ALTER TABLE `mim3`
  ADD CONSTRAINT `MIM3_Organisme_FK` FOREIGN KEY (`Id_organisme`) REFERENCES `organisme` (`Id_organisme`),
  ADD CONSTRAINT `MIM3_Trigramme_FK` FOREIGN KEY (`Trigramme`) REFERENCES `quartiers` (`Trigramme`);

--
-- Constraints der Tabelle `organisme_quartiers`
--
ALTER TABLE `organisme_quartiers`
  ADD CONSTRAINT `ORGANISME_ID_FK` FOREIGN KEY (`Id_organisme`) REFERENCES `organisme` (`Id_organisme`),
  ADD CONSTRAINT `TRIGRAMME_ID_FK` FOREIGN KEY (`Trigramme`) REFERENCES `quartiers` (`Trigramme`);

--
-- Constraints der Tabelle `quartiers`
--
ALTER TABLE `quartiers`
  ADD CONSTRAINT `Quartiers_BDD_FK` FOREIGN KEY (`Numero_BDD`) REFERENCES `bdd` (`Numero_BDD`);

--
-- Constraints der Tabelle `travaux_mim3`
--
ALTER TABLE `travaux_mim3`
  ADD CONSTRAINT `TRAVAUXMIM3_IDMIM_FK` FOREIGN KEY (`Id_mim`) REFERENCES `mim3` (`Id_mim`);

--
-- Constraints der Tabelle `travaux_opera`
--
ALTER TABLE `travaux_opera`
  ADD CONSTRAINT `Travaux_Opera_OPERA_FK` FOREIGN KEY (`Id_opera`) REFERENCES `opera` (`Id_opera`);
COMMIT;

/*!40101 SET CHARACTER_SET_CLIENT=@OLD_CHARACTER_SET_CLIENT */;
/*!40101 SET CHARACTER_SET_RESULTS=@OLD_CHARACTER_SET_RESULTS */;
/*!40101 SET COLLATION_CONNECTION=@OLD_COLLATION_CONNECTION */;
